FID,LAD25CD,LAD25NM,LAD25NMW,BNG_E,BNG_N,LONG,LAT,Shape__Area,Shape__Length,GlobalID
1,E06000001,Hartlepool, ,447161,531473,-1.2701739878,54.6761323913,95487344.0222168,54531.2414622062,c963a7ed-3911-408a-92c9-4889623c4958
2,E06000002,Middlesbrough, ,451141,516887,-1.2109980794,54.5446790014,54316815.9542084,42146.8676721137,65836b82-125c-46de-a93d-4496468d011f
3,E06000003,Redcar and Cleveland, ,464330,519596,-1.00656526759,54.5675202619,246509306.681595,84129.0850218233,e42e9fae-ec75-4262-a265-2371a51dbb91
4,E06000004,Stockton-on-Tees, ,444940,518179,-1.30664589923,54.5568759076,203980156.036652,94546.3353786853,cbf42f9a-4740-4b19-b53e-4efbaf362d5f
5,E06000005,Darlington, ,428029,515648,-1.56835597397,54.5353447161,198236890.87088,90977.686391216,c57476a2-435a-4544-a66a-6580e0004fd0
6,E06000006,Halton, ,354246,382146,-2.68853781449,53.3342479421,79510778.2648697,67290.8866877359,6aad5d3b-1388-4600-906d-1d62e528bdc8
7,E06000007,Warrington, ,362744,388457,-2.56167806038,53.3916416281,177527831.542351,82633.6714642219,7143546d-f16a-477b-a9d4-8b461f2b00a7
8,E06000008,Blackburn with Darwen, ,369489,422806,-2.46361948729,53.7008055684,139459841.099991,55078.4228759584,ebf0c5ee-75c3-4479-8501-d2006dba3a86
9,E06000009,Blackpool, ,332817,436635,-3.02202517683,53.8216419104,35422429.422348,30423.2160618678,addfe619-47e9-4448-9553-39c4e105e798
10,E06000010,"Kingston upon Hull, City of", ,511892,431651,-0.303855490135,53.7692130882,71095761.2669525,43120.6817399889,57d995e8-522e-403c-b176-910b51117dd2
11,E06000011,East Riding of Yorkshire, ,488056,443597,-0.661958731987,53.8811217481,2406662144.91548,353710.239923887,f1b96faa-299a-4d98-964f-da5e89eb5ed8
12,E06000012,North East Lincolnshire, ,523465,404564,-0.139110270905,53.523271305,190132439.719543,76052.3810093668,2d866769-5442-4550-9442-e1e39c7fda0d
13,E06000013,North Lincolnshire, ,497800,410993,-0.524076408953,53.5864317438,849170128.123383,178838.216243077,80c843e3-0919-4a21-9881-627a0b77fddd
14,E06000014,York, ,460863,452590,-1.07376818462,53.9658335086,274859577.356049,84097.2994135012,823640b6-173d-4f94-97d9-ad7eeb4ce9ea
15,E06000015,Derby, ,435611,335375,-1.47186585051,52.9146429913,78263996.6432495,40192.935493679,90626e98-e20d-45c0-9811-30ed59bf12fb
16,E06000016,Leicester, ,458946,304594,-1.13040939636,52.6359206525,73578513.6367722,40836.0918690343,ad5876a1-281d-40de-a216-552725680cbf
17,E06000017,Rutland, ,492992,308655,-0.62630848911,52.6676594057,391226387.94873,96490.9151440186,5c3d07c8-2dcd-47bc-8ab7-738020fbc33d
18,E06000018,Nottingham, ,456082,339970,-1.1666758976,52.9542040432,75902504.2797394,49589.6854992307,4adad981-7455-4b5a-87eb-b0b1e7430ede
19,E06000019,"Herefordshire, County of", ,349434,242842,-2.73931185513,52.081621141,2180498643.00294,285477.625836265,6ed9e744-7a62-4558-bb40-859e64d960fd
20,E06000020,Telford and Wrekin, ,367035,313057,-2.48941116624,52.7141751273,291774659.556938,93581.7295019654,8f53f51f-c276-44c5-9f9e-54179275188d
21,E06000021,Stoke-on-Trent, ,389438,346650,-2.15888838539,53.0170614776,92984992.6175232,51328.380975671,04ba4ba4-a85f-45ea-b2e3-b0288a37de31
22,E06000022,Bath and North East Somerset, ,366215,161999,-2.48657299955,51.3560476859,348634061.161243,107032.094592386,85884c38-be9f-4d6c-935b-974e087c466d
23,E06000023,"Bristol, City of", ,359990,174844,-2.57742070034,51.4711361428,109737680.050396,73213.4014477694,7eac4976-4e6f-4767-abd2-ad3992b93cac
24,E06000024,North Somerset, ,347614,166718,-2.75438335403,51.3970623953,372671553.274754,123639.414027188,4b3e1845-1f68-409a-8bda-7cf69fb9cb0a
25,E06000025,South Gloucestershire, ,367556,183197,-2.46926612494,51.5467255473,500113997.678516,115850.968384181,74f8108c-5a52-4320-aa15-9e5095ab799b
26,E06000026,Plymouth, ,249944,58255,-4.11299187689,50.4049459945,81205681.7520094,62011.5408754701,f50a0e95-389e-4813-aec5-a140e27cab96
27,E06000027,Torbay, ,289730,64613,-3.55523593606,50.4709244728,63314837.7819242,60365.0041486616,b083edb4-e2dc-4fea-872a-8e1c613d6f56
28,E06000030,Swindon, ,418550,186565,-1.73369256077,51.5776478256,227705224.924774,83694.7357866074,069a8ff5-372c-407a-b5d0-1d6d56433051
29,E06000031,Peterborough, ,517372,300777,-0.268744711723,52.5921468067,341522886.914047,97197.3576516278,2ff85d00-5ff2-434d-bcea-0cbdfee7eee8
30,E06000032,Luton, ,508606,222559,-0.423198401267,51.8910219179,44071111.1285782,30777.420869764,8627f45b-9b4e-4524-b0f6-4a73ef94f754
31,E06000033,Southend-on-Sea, ,587777,186837,0.706922585829,51.5491761906,44369396.776535,36669.6820998022,d1a9f0fd-baee-4ede-ba66-1b2431131756
32,E06000034,Thurrock, ,562124,181588,0.334874161784,51.5099646079,161696375.134064,71684.2926181973,3796d798-bfe3-4ffa-ba59-4c2f8b0d6674
33,E06000035,Medway, ,578207,175198,0.563173541124,51.447727468,194145321.140556,133514.894973302,bc74c464-07f2-4bf7-b79f-47fcf04e7645
34,E06000036,Bracknell Forest, ,488168,168791,-0.733646393966,51.4112968266,108239293.120392,57919.7905038733,a6de03dc-3b6b-4796-a686-9d0bb2ce4c2f
35,E06000037,West Berkshire, ,450573,172095,-1.27367043195,51.4455936483,701196226.296654,143133.138396136,670047d1-364f-42e6-9471-374878b13fef
36,E06000038,Reading, ,470223,173153,-0.990753199924,51.4530154874,41097551.0596695,31042.9770301867,0a088e9e-0b2f-4b5e-9017-579df34b2f1f
37,E06000039,Slough, ,498920,179246,-0.576175806293,51.5035033907,32188270.8929214,36996.6002178242,96e5a3f7-cc35-44cc-8174-0a51cc98aa2d
38,E06000040,Windsor and Maidenhead, ,492079,176541,-0.675413634531,51.4803430607,197830118.332253,102773.486175635,e458d124-7e26-4a16-b75c-ee36a81a92bf
39,E06000041,Wokingham, ,476624,169903,-0.899355512944,51.4229689747,179381694.019806,76405.8372774303,7dad1da8-e921-416f-a881-ae790d9f3394
40,E06000042,Milton Keynes, ,486408,242308,-0.740705275722,52.0724178688,309296512.486816,87914.8544059525,cb85b02d-85ab-4b48-9da8-a2641b448c8a
41,E06000043,Brighton and Hove, ,530278,106850,-0.15081326949,50.8465065517,83770269.8779259,50709.2002438189,7778a4c5-93db-47fe-bd0c-ada0b99d083e
42,E06000044,Portsmouth, ,465619,101352,-1.07006189695,50.8080038899,41037830.0828629,60261.7827397184,8ca18b42-3262-427c-a48d-930d8e12f7a4
43,E06000045,Southampton, ,442303,113700,-1.39952838212,50.9212059714,51775429.102108,46450.4571624764,6d0662d0-f9b6-4d66-aeb7-c9adfe5f607e
44,E06000046,Isle of Wight, ,447183,85949,-1.33366284616,50.6712910498,376411937.246651,140481.921711291,dac6dcb8-692a-404e-80d0-e742743ef152
45,E06000047,County Durham, ,410383,532242,-1.84047728826,54.685132248,2231566508.92796,265195.992811414,162198e4-705d-42a4-91f2-ee5c4c7c0a3b
46,E06000049,Cheshire East, ,380510,363462,-2.29299595432,53.1679301764,1168703022.85249,236519.350521928,45bf0cdf-57df-42f3-b6f3-467a3694c138
47,E06000050,Cheshire West and Chester, ,353097,363145,-2.70298291032,53.1633637523,917493488.290215,227498.799497428,b9ebeef4-e39f-4877-8a0b-64ba86fdc07e
48,E06000051,Shropshire, ,350227,302957,-2.7366718419,52.6220980785,3188408020.09352,469679.996727572,340eb6f2-af34-48cb-ac85-7cc184c0f104
49,E06000052,Cornwall, ,212497,64493,-4.64254596063,50.4502281527,3539045658.57285,755407.952655233,0e803fd5-41ce-4415-b15c-24fe955a4be8
50,E06000053,Isles of Scilly, ,91327,11447,-6.30217399259,49.923328493,13690394.1189395,51951.1245852077,e569496f-3789-49f4-96c5-a55a35e61dcc
51,E06000054,Wiltshire, ,405213,158862,-1.92655862081,51.3288290864,3258715593.99616,349029.454142357,b0e7f66d-a9ea-4984-b562-32022bf05519
52,E06000055,Bedford, ,505721,256463,-0.45463513336,52.1962883774,474735143.23835,115790.214783211,99a23273-07fc-492e-964d-6806862eab73
53,E06000056,Central Bedfordshire, ,504615,234492,-0.477543172607,51.9990354098,709037224.962524,200733.015053152,0fa56fbb-e50f-404f-948a-42ae2ca1f282
54,E06000057,Northumberland, ,395323,600700,-2.07521904678,55.3003827265,5023826578.6985,463877.670346422,430d3cb3-4c20-4e58-aa7b-d544f2b37ca9
55,E06000058,"Bournemouth, Christchurch and Poole", ,410815,94067,-1.84807019946,50.7460986611,161224882.217907,105252.314731438,4d1f3bf5-9a2b-4d41-a419-c2127cfdd1e5
56,E06000059,Dorset, ,370877,99796,-2.41459070624,50.7969795462,2486089557.53557,422529.094991433,5725f57f-a900-4cc7-b0e8-377711b4bb5a
57,E06000060,Buckinghamshire, ,482503,208562,-0.80573869858,51.7696703923,1572324895.45993,301394.359156699,f7560bf6-79ad-4f30-95b5-7a3d5eaf3085
58,E06000061,North Northamptonshire, ,493590,281719,-0.625048760161,52.4254732839,993531337.397919,173357.163771664,8f1909cd-ebdc-4ccf-add2-a7664f27974e
59,E06000062,West Northamptonshire, ,467187,263879,-1.01682928407,52.2689888024,1374464732.04523,214640.809240256,50280569-0711-440d-91e1-21c5e69777c4
60,E06000063,Cumberland, ,315764,533086,-3.30816235218,54.6857570861,3032810072.0188,471557.519802458,aec4b27e-f568-48b3-9752-a658a6f3ce17
61,E06000064,Westmorland and Furness, ,353889,510941,-2.71336711357,54.4917039616,3786887761.61229,453009.588568725,1d4b87e7-69cf-4a83-9408-629d4ee39414
62,E06000065,North Yorkshire, ,429508,466514,-1.55033500566,54.0937021155,8047191914.49136,667015.680584958,7dea46e7-d797-4d15-878a-51de38415379
63,E06000066,Somerset, ,309294,131078,-3.29604191351,51.0718326177,3461385668.65342,389314.058895198,81f5df47-b406-44a7-9e2c-46f149dcad78
64,E07000008,Cambridge, ,545420,257901,0.126436151186,52.2001770909,40253613.6216736,30695.5251753432,f61ad9ae-fa8f-4dd2-8ccf-c07e69b517a2
65,E07000009,East Cambridgeshire, ,555576,275765,0.283148769522,52.3578848142,658590905.427841,166827.183704712,a234b950-ba60-43e2-a144-4e5944d28663
66,E07000010,Fenland, ,536355,294959,0.00892741176408,52.5354495483,547646531.040939,136155.979254645,bde14982-d9ba-4b24-b894-7d29b73e66f5
67,E07000011,Huntingdonshire, ,521008,274268,-0.224703767882,52.3531459293,911264460.467293,193578.606871012,d47214e0-b961-4ab2-9507-fa9b487cf262
68,E07000012,South Cambridgeshire, ,543295,247586,0.0910172409257,52.1080566114,898586674.08416,225337.495550507,93b8b65d-0bcb-495c-8a4c-2a81e02bf89a
69,E07000032,Amber Valley, ,436166,348084,-1.4621991745,53.0288452628,267683390.034409,85443.689862184,ab43e8d6-4183-4cbb-9a5b-63c0f8b82bde
70,E07000033,Bolsover, ,448666,371547,-1.27228091308,53.2387484205,160375569.697998,81798.2212380793,2e485a73-dfc1-4a4b-b578-9640d85c819f
71,E07000034,Chesterfield, ,440049,373358,-1.40115519434,53.255743935,65546842.0452271,41477.2422459873,94695168-3834-4d17-b213-ccc55c4afb53
72,E07000035,Derbyshire Dales, ,419699,358494,-1.70708917234,53.1232752627,795616955.344765,198196.167302371,e3016a8d-9239-412f-b60d-a208d3a3d9a9
73,E07000036,Erewash, ,443722,338061,-1.35089307667,52.9381901123,108892651.700104,57555.8193108911,bf01a5a0-461d-4207-932e-e1bf0f551820
74,E07000037,High Peak, ,410473,387653,-1.84400422408,53.3856354715,540619818.18396,133866.541770202,bbac0953-3b1c-4fff-8eb7-e22f4ac97052
75,E07000038,North East Derbyshire, ,437369,362955,-1.44253875948,53.1624324901,274748315.189957,129096.072000719,8eb4eb98-8991-4ce8-ab41-055d5ddc55c2
76,E07000039,South Derbyshire, ,431443,325363,-1.5348090776,52.824902888,336629792.639137,128731.079116916,e7a08daf-db1e-40e8-9e09-c4904ae51ab1
77,E07000040,East Devon, ,313787,96051,-3.2236399966,50.7576170158,817476867.739756,168634.619151347,ff64b6af-d753-4a64-9504-801734ae84a8
78,E07000041,Exeter, ,293239,92005,-3.51368599996,50.7178244097,46564322.9712677,33412.8508689809,555124fc-5d57-4612-a5c6-d282872868c3
79,E07000042,Mid Devon, ,288065,108913,-3.59210694292,50.8688402975,906845407.042253,204295.800120554,16bbac71-ef7b-4387-b653-215800e81baf
80,E07000043,North Devon, ,265112,132533,-3.92688791562,51.0762190346,1085875329.17243,224273.510181017,e0a7abaf-7d50-45ca-9503-9a70366920e7
81,E07000044,South Hams, ,270672,54039,-3.82001679704,50.371979413,878516582.095793,326688.694391928,9fe52efb-615f-4693-9387-7bf0d5c0ef07
82,E07000045,Teignbridge, ,283144,80205,-3.65289540723,50.6098105982,673225510.55331,145530.101258165,7fe0f99d-19db-4cba-8302-190f42173901
83,E07000046,Torridge, ,244206,114334,-4.2172863547,50.9073911935,983375643.227127,232209.685012294,252e0a99-c2ea-43aa-845a-f9e056e52b66
84,E07000047,West Devon, ,256378,86992,-4.03358816544,50.6648286523,1164377672.41544,203947.074138308,b79bd23d-dea1-4b47-8e6d-0aa9146309a0
85,E07000061,Eastbourne, ,559339,99575,0.258515981244,50.7738705702,43860589.7684517,29804.493941334,fb95cbdb-a40d-4466-9947-c94a9e89cd3e
86,E07000062,Hastings, ,581528,110694,0.578395325017,50.867244351,28792481.3271217,27726.1341525173,2ae5ea98-283c-42bf-ac9c-29bf749be7c4
87,E07000063,Lewes, ,541473,105687,0.00765759682237,50.8334279628,292121665.222977,93858.6426866304,bf458b4e-8480-4e2c-b1cd-21e1250efe35
88,E07000064,Rother, ,578721,119666,0.542936999241,50.9487187577,513480527.314533,134325.446292362,368b9750-4a55-4379-b614-536852bc03b5
89,E07000065,Wealden, ,555048,117181,0.205155925769,50.9332372335,838283006.507183,169172.720180338,66361bd6-b703-4da8-aa86-755deedab0ee
90,E07000066,Basildon, ,571548,190849,0.475055882374,51.5903781508,110781861.695168,50391.1544966961,ce149ca6-d20b-43ed-8a57-5a915b83c538
91,E07000067,Braintree, ,577253,227337,0.575912095086,51.9163575687,612612179.108849,131743.860881621,7773ad40-1095-4e0d-a915-e4f2575b232a
92,E07000068,Brentwood, ,558560,196070,0.290091016558,51.6410862267,153007283.232521,62498.173429264,1a9cef48-23e1-442b-a2ab-d3be9629fc92
93,E07000069,Castle Point, ,579493,187920,0.588127120437,51.5615975681,45086334.6408844,53516.4179552846,d85e35a7-96e9-4bc8-b1ec-19d8543891e0
94,E07000070,Chelmsford, ,572116,206972,0.491177396738,51.7350377059,340401593.251152,94014.9808973087,9180ce22-392d-446f-a0af-0d615aefbe8e
95,E07000071,Colchester, ,596947,223692,0.859819930517,51.8770182918,333483626.582085,132376.158167408,3afcc1b3-5049-477d-b321-2fdada548939
96,E07000072,Epping Forest, ,548919,203757,0.154146209097,51.7127876531,339297469.578934,101260.582118813,a9553bd5-69d6-49ea-84a7-48ae2fa11a15
97,E07000073,Harlow, ,545276,209589,0.10388812402,51.7661437919,29849412.7083282,22091.2204798201,8fa8c9df-0686-4dd7-b7d1-122434bac9c8
98,E07000074,Maldon, ,591413,212072,0.773106274671,51.7745884942,357519638.070564,196521.802213248,82dd04b3-44bb-4158-b04b-19994084de19
99,E07000075,Rochford, ,585979,191417,0.683442280828,51.5909079901,167323163.799103,135652.611929262,d49f23a4-8c3d-4c95-b11a-6bf0cf80bebd
100,E07000076,Tendring, ,614190,222141,1.1089813857,51.8567446507,335217424.327293,163946.097256522,2d2ee4b7-b951-4d02-9814-a3e25aa507df
101,E07000077,Uttlesford, ,557833,228863,0.294499034539,51.9359029584,645326011.653816,138944.486837624,23484400-1ad5-4cfe-9f52-bf13d63333ce
102,E07000078,Cheltenham, ,394925,222232,-2.07515574123,51.8986170955,46538844.8123627,31000.6848909493,44c98cde-7621-4950-a6c7-d42028a09168
103,E07000079,Cotswold, ,402126,208209,-1.97058182423,51.7725558985,1167798413.77142,275885.404329317,f3e4c201-5414-43d8-9644-e9a5209ef10a
104,E07000080,Forest of Dean, ,367175,212759,-2.47755088229,51.812498496,524364831.897236,165491.348127599,89415c1c-f5e6-45f4-b1e0-26d6c3526b1b
105,E07000081,Gloucester, ,384071,216449,-2.2326342865,51.846415689,40597168.8924408,28016.8047040126,0cade041-d080-4d5e-a98e-9652004fdcdb
106,E07000082,Stroud, ,378807,202410,-2.30818743643,51.7200132989,458266481.64801,142131.062236243,2179b994-fff0-4c9f-a0a5-87a8d801643c
107,E07000083,Tewkesbury, ,386348,226281,-2.19997124068,51.9348754858,413495708.493515,170213.857676214,6d3d1b15-7690-4782-9f65-b35c05231d59
108,E07000084,Basingstoke and Deane, ,454507,151423,-1.22023040521,51.2593699265,634608479.078323,122978.522389744,e1b84e3e-1ae6-4f28-a6b5-19ab6317d179
109,E07000085,East Hampshire, ,474408,129247,-0.939657389289,51.0577479073,514516407.884083,125748.672086992,cf6d5c0b-9c59-47b6-ab95-100642cf8b91
110,E07000086,Eastleigh, ,447199,116807,-1.32947565842,50.9487647992,78554010.1651154,58396.3904063714,402cda6e-0002-4710-ad21-e5649d925231
111,E07000087,Fareham, ,453774,106319,-1.23742841787,50.8538849346,73408340.1140327,53611.8239880115,d091d0ee-e201-4ed0-8900-c8042d303feb
112,E07000088,Gosport, ,458769,101088,-1.16731249359,50.8063647654,24913440.85532,31112.8296893604,9d8115a8-e9ab-41f6-9696-1b8b67a715da
113,E07000089,Hart, ,477985,154241,-0.883215055811,51.2819808623,213278822.549706,65784.3474988678,e020dbbb-0801-4245-97eb-0f876fed3e81
114,E07000090,Havant, ,470178,108564,-1.00398790463,50.8723157383,56244726.1438103,72366.4402080926,177735de-dea0-499f-a52b-c6c5be45161a
115,E07000091,New Forest, ,428748,106524,-1.59292962171,50.8575106734,755149807.430008,194233.62492049,dfbde8c0-34de-4804-8fdf-49253e7bff41
116,E07000092,Rushmoor, ,486022,153944,-0.768077299619,51.2781554707,39457260.0413666,26459.7715878267,cba834bf-d7d1-4bd3-a2d1-cb1181a03279
117,E07000093,Test Valley, ,434930,137329,-1.50214508071,51.1341696634,625653352.249386,157899.145508002,bb1ca908-0315-4afa-9141-c1f98ea62fe3
118,E07000094,Winchester, ,453115,125901,-1.24393809144,51.0300221184,661439596.35675,144410.451678792,ffb33247-cd16-4b3c-b980-c02aefbd7255
119,E07000095,Broxbourne, ,534742,204251,-0.05073315323,51.7208069556,51741961.4169083,34985.1177090403,57370b25-a458-4b29-9816-d6ec0244da5c
120,E07000096,Dacorum, ,500084,208745,-0.550980768798,51.7684533882,214930898.538063,93306.0025007925,76bdc8ae-e696-49a0-b62e-a7bcf13b28dc
121,E07000098,Hertsmere, ,519774,199352,-0.268990962925,51.6801735759,99202492.9753723,52254.6048613629,6d190336-50b3-444e-8d91-463ae0995c4d
122,E07000099,North Hertfordshire, ,522191,230250,-0.223160000624,51.9573271427,372109612.187668,142754.479101582,6627ada9-89be-4bb4-9a34-1e7bbe155e21
123,E07000102,Three Rivers, ,507313,196418,-0.450052634909,51.6563200983,88910485.8115158,64605.4360648842,a037cb85-952b-4e1c-b230-5c7c4f295335
124,E07000103,Watford, ,510441,198197,-0.40428956332,51.6717047946,22713922.5201874,21681.0689271707,6cb4a6fb-742c-4883-b199-0f76fa8f411a
125,E07000105,Ashford, ,597640,140644,0.823374392812,51.1309603183,583622956.661186,122850.295590227,f6c1d95b-9478-474f-acda-a7186fe06c5b
126,E07000106,Canterbury, ,616031,158096,1.09632815555,51.281028777,308739231.853981,96484.0347339531,f118965c-7f73-4220-a09e-f3aa3347fa4a
127,E07000107,Dartford, ,556167,172917,0.245275876016,51.4337347226,72376232.136055,44828.6338719921,50ef9e84-9b49-4b53-ab70-6126f05c8192
128,E07000108,Dover, ,628964,150942,1.27688726008,51.2117616871,314303417.560875,93694.496828052,7c1f2809-398d-4284-92c7-8229f2de5f5f
129,E07000109,Gravesham, ,566969,169114,0.398743938958,51.3964921107,96111741.1892853,50262.9796090531,caab07ef-2a3e-44d2-a7d1-f62310b29d80
130,E07000110,Maidstone, ,580489,151670,0.584061099853,51.2356630603,392223477.4133,101282.720286708,8a96ef70-88e2-46f5-9fc8-e8a4c2c0060f
131,E07000111,Sevenoaks, ,552776,155218,0.188935893174,51.2756301785,370528650.982033,111504.555076122,aab09640-ba9c-4e6d-8407-5f14a39e48eb
132,E07000112,Folkestone and Hythe, ,610318,134597,1.00079586747,51.0721510398,356736037.365494,128551.521445583,30c9a53c-5d8f-4e1e-992d-81176fbc8575
133,E07000113,Swale, ,593583,161818,0.776892809016,51.3225190256,374613615.877686,188812.119785219,e7235062-577b-47f4-ba9e-ed3c8f10aa4e
134,E07000114,Thanet, ,631839,166752,1.32822551022,51.352524375,103112976.776527,47927.271469336,506cb10a-72ee-4d8c-b20f-5dfbca348e00
135,E07000115,Tonbridge and Malling, ,564014,153896,0.349304900746,51.2606309193,243626655.803413,91660.0641639123,76696919-b1ad-4454-906a-eb10f6d6b503
136,E07000116,Tunbridge Wells, ,573139,136598,0.471631078442,51.1025374612,327340648.581917,117037.584632861,02c07ea0-0258-458e-a208-4a080b6257f6
137,E07000117,Burnley, ,384886,430880,-2.23080727573,53.7740488282,111741124.317871,48839.2370223194,c73bde78-c16f-4a26-9835-42cf63f35c55
138,E07000118,Chorley, ,359188,419722,-2.6192305785,53.6723826948,202955917.871078,77363.5288337724,9f8eb7e6-3ebf-46c3-9d69-d59443b843cf
139,E07000119,Fylde, ,339554,433811,-2.91914736837,53.7970913986,164752549.439606,67569.1264295632,09e2c998-fb97-4142-bbec-32bf63617d10
140,E07000120,Hyndburn, ,374407,428967,-2.38964340741,53.756444169,73310982.5701752,36612.4366498658,ed4cf0be-5ed0-4391-a7ad-9162c57e216c
141,E07000121,Lancaster, ,356896,464988,-2.66030437377,54.0790096161,569336109.694504,207775.080147053,849fbb55-3dba-4b65-8bc1-c31fd2d85fc1
142,E07000122,Pendle, ,387638,443368,-2.18956011975,53.8863623497,166907554.05246,66093.7023264858,918273ed-cb68-4840-8cd6-e2cbc8121a7b
143,E07000123,Preston, ,352828,436431,-2.71804947706,53.8220140796,142589355.063065,64141.86279238,b93267cc-8426-442f-b908-62dc6f0e508f
144,E07000124,Ribble Valley, ,372689,447677,-2.41737043129,53.9245145281,582753281.089249,127830.447288903,56ed1f31-109c-40f7-8ac9-cea54e0ebbe4
145,E07000125,Rossendale, ,382827,420953,-2.26149236932,53.6847623273,137062101.048492,62480.1855235122,fbf1901d-dbb6-4b0f-b5f3-bf9dcd70a6f5
146,E07000126,South Ribble, ,352017,425841,-2.72871585392,53.72676569,114276631.28894,71160.3865166989,f81c4141-6411-4dac-ae2f-113a4dc475d3
147,E07000127,West Lancashire, ,342606,413271,-2.86900858265,53.6128445346,347079095.322304,120846.585679421,af1bb95d-7a40-418c-bcad-167b51c70dd2
148,E07000128,Wyre, ,347294,445159,-2.80360621624,53.8999185011,282257490.292984,133864.37038857,a1323768-fe7d-48b2-9668-ed3f77571615
149,E07000129,Blaby, ,454385,297994,-1.19887926084,52.5770692442,130101036.074913,80298.0882816641,869afbb1-6b74-4410-9dc3-8288651d95f0
150,E07000130,Charnwood, ,458365,316155,-1.13694823199,52.7399019528,276407356.612183,93620.1313162514,8642a4af-0934-40da-8599-0d99eb893626
151,E07000131,Harborough, ,474550,293873,-0.902283537622,52.5376414952,595908525.910301,142562.070402476,494e69f1-3c2f-4a9f-9c09-06238fa7e16b
152,E07000132,Hinckley and Bosworth, ,439538,301379,-1.41755405677,52.6087763956,300077777.495888,93507.9034806995,d668af70-f445-4bd4-b4c7-b2432497ae9a
153,E07000133,Melton, ,477328,323469,-0.854403665584,52.8032636174,484009413.893677,116594.479411464,1adf6c72-7216-408e-a3bd-f1bee1643de8
154,E07000134,North West Leicestershire, ,439107,316253,-1.42215827991,52.7425132347,278293545.803955,95781.8541634592,83464d1b-ea5f-426a-a6db-219a9144584f
155,E07000135,Oadby and Wigston, ,461543,299379,-1.09300771688,52.5887575197,23221816.1054306,23050.2510544195,d0fb50ae-ad89-4a9c-9a2a-1ef893f61ebe
156,E07000136,Boston, ,526851,343956,-0.112181048483,52.977972023,363558700.111084,112037.70146914,92efb2ac-f8d5-47dd-b5fe-fcb6af6f6127
157,E07000137,East Lindsey, ,534861,376064,0.0205162025266,53.2644604014,1770854137.70123,231380.790809692,5ebdbb50-65ae-48da-8e52-7b46eb8a5672
158,E07000138,Lincoln, ,496347,370096,-0.558489041196,53.2192134584,34776950.2810211,28546.9242862253,46bd5177-6aa3-4cf1-bc64-ebd8c17cfdfb
159,E07000139,North Kesteven, ,502139,354789,-0.476646970531,53.0805899594,921041108.517258,163481.488519149,d0f7f16a-6bae-4b9d-ac85-2abf63975621
160,E07000140,South Holland, ,532910,322929,-0.030572808095,52.7875963499,754419838.418457,137076.065305692,4223c4b9-10d1-428e-8f3a-e67a32e86db9
161,E07000141,South Kesteven, ,501404,328986,-0.495682112149,52.848858633,942066293.306656,184679.497720274,fdacfdd1-dd99-4334-9934-fb0a1e6271e7
162,E07000142,West Lindsey, ,499314,390326,-0.507745460276,53.4004488587,1158136214.62856,221121.444093273,77195372-6bca-418a-b9bf-f1d0c22bf31e
163,E07000143,Breckland, ,591015,303332,0.818716773478,52.5942276208,1301551938.04578,207007.674692232,e097ac15-0040-482e-8250-9238d0bf7a28
164,E07000144,Broadland, ,619861,315909,1.25227260821,52.6962217108,552191726.429138,166237.163589415,38f632e6-4baa-4402-a0d2-04704e85440b
165,E07000145,Great Yarmouth, ,646762,315881,1.64952499507,52.684394912,175354238.606827,98246.6001404141,9f59c565-3cad-40bb-8cd0-6537cc97f576
166,E07000146,King's Lynn and West Norfolk, ,571219,315807,0.533244510521,52.7128564223,1440378325.68668,279822.525520144,05c2cfbf-a45d-40c7-a833-2d92c38eb291
167,E07000147,North Norfolk, ,611043,330857,1.13160946521,52.8339032171,959945270.458328,244569.462207811,6653ee57-7c5f-4d6c-be09-d6d67a7e6a28
168,E07000148,Norwich, ,622355,309773,1.28497877332,52.6401335893,38806750.5922394,35533.093901802,074d2614-6da6-4012-af24-3765e536ed27
169,E07000149,South Norfolk, ,628991,295822,1.37324692038,52.5121763636,909273835.054962,197620.322793114,f621cfab-aced-4812-b0ca-21c91b97c2ed
170,E07000170,Ashfield, ,450035,355843,-1.25421999468,53.0974712211,109082657.026215,57298.7499245541,2fee2d82-fca6-4640-9bc0-c85433316e1e
171,E07000171,Bassetlaw, ,468073,384835,-0.978700844057,53.3560442853,639301219.531754,136464.970827137,8e9bd29a-7794-43be-a719-94b79cad868e
172,E07000172,Broxtowe, ,449829,341891,-1.25944700169,52.9720858561,79433978.4603424,52751.8361069144,956cd2b8-0813-4580-95b2-0a928f43ed1f
173,E07000173,Gedling, ,459184,347811,-1.11907660323,53.0243462938,120122317.11554,59267.6360399432,fd1f60ae-258a-4fe0-b61f-399eea3e9d9f
174,E07000174,Mansfield, ,455047,363637,-1.17804311654,53.167031787,78365962.7874756,45441.4125058636,d30eae7e-86dc-4e12-88f7-451aeed67ef2
175,E07000175,Newark and Sherwood, ,470624,357451,-0.94643547555,53.1096024361,651135384.66629,159292.081065811,d0b4ec8e-29c3-44e3-b6b6-201bbf53bbd4
176,E07000176,Rushcliffe, ,466609,335453,-1.01093253186,52.9124051142,409779465.950729,104624.686571504,4f5f0b72-192c-464f-8ea1-4c676fe7c5d1
177,E07000177,Cherwell, ,449301,221199,-1.28506031297,51.8871841538,590021900.663818,184823.410432005,63067538-19c5-43b5-8f9b-c6274b4143cd
178,E07000178,Oxford, ,452277,206368,-1.24405690616,51.7535776114,45105986.515358,30243.6411134712,d43b89ab-ecd2-4bda-8303-5ce7bc1ef257
179,E07000179,South Oxfordshire, ,463890,191964,-1.07847365378,51.6228819963,676297342.281723,172245.7760058,3c4ea938-417f-48c4-b3cc-bd4a71154b09
180,E07000180,Vale of White Horse, ,435697,195198,-1.48537777689,51.6544467685,582883616.380249,146032.865728814,838a0318-995c-4675-8c11-813f4c6a29ab
181,E07000181,West Oxfordshire, ,434343,215817,-1.50291986271,51.8399152023,713794709.412766,132502.685053383,0cb6bd16-f6d9-45c2-8853-986c578c490b
182,E07000192,Cannock Chase, ,401261,311553,-1.98277233856,52.7016657534,79660342.3308563,41986.4287844737,a744f8f7-7f34-4f6a-8f8e-4fc352420ef5
183,E07000193,East Staffordshire, ,412599,326571,-1.81441437249,52.8365275346,394049885.20256,138128.173660454,06c38867-8af1-4b18-9a42-cc84870665c9
184,E07000194,Lichfield, ,416276,310967,-1.76059838595,52.6961581476,328432889.967186,104035.850266593,2ff1e286-d0f5-421d-a471-48bf9b5299cd
185,E07000195,Newcastle-under-Lyme, ,378201,345177,-2.32628895351,53.0034783143,210624295.164665,87803.5524699401,5f137773-e781-481a-8b11-43d43ff2cbf7
186,E07000196,South Staffordshire, ,389624,311036,-2.15496632755,52.6969166757,409451858.871399,152646.972768309,d9c2f7c5-15ab-4ee0-af38-1f3391cf61be
187,E07000197,Stafford, ,389000,327835,-2.16477143263,52.8479184062,598969160.60321,128795.429896811,2a77704b-687f-4337-b39d-66732f6e0e26
188,E07000198,Staffordshire Moorlands, ,400543,352448,-1.9933446076,53.0692868752,576406743.750076,120056.599718679,4e6cbaba-13a8-4d07-a1cb-e3523441b416
189,E07000199,Tamworth, ,421452,302547,-1.68455673786,52.620287323,30582523.6968689,25379.4904480878,f3ca3864-41ba-42ab-ae8f-b80e302f4823
190,E07000200,Babergh, ,599987,244692,0.916149104651,52.0645018797,595566000.971329,146102.976159935,050ce984-d26b-4200-baa4-1317d31c4cb3
191,E07000202,Ipswich, ,617163,244456,1.1661745485,52.0559232036,40014068.6144409,32169.7478962819,51edd326-b5a6-4f39-a5f0-606c72201ed9
192,E07000203,Mid Suffolk, ,611646,262335,1.09695134861,52.2185651985,873338681.492981,159675.664937073,e5334469-934d-4776-9c8b-ba07c4ec1742
193,E07000207,Elmbridge, ,511883,163655,-0.39440039963,51.3609537685,95459366.8121719,43268.2485485874,cdb828f9-906d-4830-9780-c0ade9baba97
194,E07000208,Epsom and Ewell, ,521176,161476,-0.261727675101,51.3394656144,34989438.0208588,26097.8902358897,118c83b6-a1bb-443f-a8e5-6137f13a4657
195,E07000209,Guildford, ,500408,151481,-0.562579043597,51.2536620419,271982932.275948,104278.658321041,ad540a02-0be7-4a2d-a712-1d2fbbabfbd2
196,E07000210,Mole Valley, ,518377,148953,-0.306038727902,51.2274986719,256017716.961784,84135.7201658608,78264292-46d4-4525-b3ea-0e7fff8315de
197,E07000211,Reigate and Banstead, ,525786,152574,-0.198713580562,51.2584601032,129034427.758179,61552.2427373697,eabc57dc-63a3-4ea2-81da-37d7ca05e31d
198,E07000212,Runnymede, ,501777,166980,-0.538549956415,51.392740612,79363929.0510025,37970.1768189885,e667943d-b753-4fcf-b5d0-aebf5dea306f
199,E07000213,Spelthorne, ,507012,169622,-0.462539505708,51.4155255519,51885054.2412262,34304.8844632316,6a487947-6be0-4958-b007-5d90b5a00c96
200,E07000214,Surrey Heath, ,491364,160485,-0.689837506715,51.3361247723,97010526.6087418,46465.4899374749,f581ffa8-5d69-4029-93eb-577942590352
201,E07000215,Tandridge, ,536362,150328,-0.0480927877737,51.2358458394,247472347.157005,69717.8553388108,1aefa63c-f425-4c4b-aa17-f2fda0a0b8a8
202,E07000216,Waverley, ,496363,140635,-0.623432928839,51.1568607009,342216920.570152,103880.241896084,66669aaa-18c7-4c77-89b4-f062b32dc066
203,E07000217,Woking, ,499088,157544,-0.579810063799,51.3083951818,61728436.2703934,41476.8100047902,37ac7c8d-99b8-42f9-b932-6db5fcd3d497
204,E07000218,North Warwickshire, ,425570,296402,-1.62420099621,52.5648694782,285119091.129189,96458.9518538333,51b02da8-f7ac-452d-a3a5-f15d9bdfbd98
205,E07000219,Nuneaton and Bedworth, ,435420,289352,-1.47964406962,52.5009427584,77930872.1249771,40995.2682935653,5d679add-ed40-4ade-adf0-278de1608a3f
206,E07000220,Rugby, ,446498,276244,-1.31828035998,52.3822797932,349018277.508041,96992.3729705539,0a0fa7ee-abd3-4132-b757-44b0b801a0f9
207,E07000221,Stratford-on-Avon, ,425019,251537,-1.63565758931,52.161556887,979094797.855614,217892.136678308,216b46d9-c89d-415f-ab3b-b2d366ef0db4
208,E07000222,Warwick, ,428484,267113,-1.58369689193,52.3014204901,282964566.089226,91456.3405538448,1e9cbdd0-336d-4c48-9081-c69ed6a1e396
209,E07000223,Adur, ,518076,106472,-0.324175531192,50.8457243902,40325307.408535,39206.9861610236,59594d58-ce29-40d1-98f3-2502fcf18589
210,E07000224,Arun, ,495144,105723,-0.649996255861,50.8432105059,222723900.939259,98627.1676440004,89c56ab4-0400-47a3-b11c-eb546e2e4b94
211,E07000225,Chichester, ,490285,116600,-0.716306606911,50.941775957,787861615.623959,190510.990139167,86bacc1b-654d-41f7-8256-8516c0b74abe
212,E07000226,Crawley, ,526390,137581,-0.195331517314,51.1235742571,45829144.5777969,33575.8579732999,7cf08e18-e8ba-4962-8f55-da6effe1d213
213,E07000227,Horsham, ,513674,123840,-0.381267350679,51.0027242699,530148077.623337,128320.144863884,1976d113-fd74-4aef-b95e-3aaa0d683e02
214,E07000228,Mid Sussex, ,533052,130624,-0.10275234164,51.0595440711,336665240.94133,109151.391421806,a9b3272c-0883-46cb-a26d-d497c91e9554
215,E07000229,Worthing, ,512679,104948,-0.401271757439,50.8331002509,31725619.9763374,25770.4287032188,039365bb-1178-4329-8016-5d396aa55fdf
216,E07000234,Bromsgrove, ,399840,273736,-2.00376531193,52.3616944115,218034280.98539,90581.9745494566,77293537-5a32-48fd-a5e0-5c2aede4b303
217,E07000235,Malvern Hills, ,377463,252198,-2.33092240037,52.1675944845,579797328.20462,187728.796837452,3ccc8fe8-32d7-470d-9130-dc737ad19638
218,E07000236,Redditch, ,403705,265253,-1.94710013547,52.2854186911,55030614.7333069,32518.3818500286,bf7775b6-20a2-447c-ab65-5af7f3ad0068
219,E07000237,Worcester, ,385744,255190,-2.20997419745,52.1947718377,34677044.8647995,23962.7769669411,57019583-a9eb-4cb9-aa4c-bb992e6d55f7
220,E07000238,Wychavon, ,398991,247839,-2.0161471888,52.1288688352,659536629.034676,183961.607416663,407b5da0-daba-4339-a336-8b91153f3b23
221,E07000239,Wyre Forest, ,384106,276388,-2.23494447929,52.3853018739,196173167.051971,82052.0623621439,3740879e-0da0-49c4-8822-e06020079866
222,E07000240,St Albans, ,514580,209623,-0.3407061363,51.7735670015,158865311.942474,63002.8256433482,279dc1c1-3482-4633-bfcf-789676b50cf8
223,E07000241,Welwyn Hatfield, ,525345,208467,-0.185180087409,51.7608731796,129449584.630142,69326.0565186618,08012ee6-4f96-4cf5-b950-f6386da493e6
224,E07000242,East Hertfordshire, ,537995,220370,0.00273888301251,51.8648581931,477728656.942039,112068.893788715,ab61008f-f7c3-4422-b943-698c8f345dd7
225,E07000243,Stevenage, ,524622,224531,-0.189871591723,51.9053950702,26824166.0814133,22050.2143265599,d8aa04b7-f08d-4b81-8322-e80eddbf6601
226,E07000244,East Suffolk, ,636043,266291,1.4561992527,52.2441664988,1263781733.51161,338973.316216039,127f15b9-e052-4bdf-adaf-2731725a7cd4
227,E07000245,West Suffolk, ,580941,271121,0.652723473294,52.3084027134,1033666351.56374,220843.606836041,cac7e27d-50f4-4c77-8fcd-d0fbcdd339df
228,E08000001,Bolton, ,368352,409874,-2.47952053247,53.5845069546,138687865.014191,64710.3340400121,e7c4acf3-cd9e-4c4a-bd0f-e00c1925856b
229,E08000002,Bury, ,379658,410767,-2.30880276446,53.5930958133,100712672.254913,57016.2534667192,0ae78318-5eb4-4468-afee-8f0cb2bd6b00
230,E08000003,Manchester, ,384591,397063,-2.23359511299,53.4700902761,111898280.926071,69387.5197793443,fcf9460c-7029-4e71-b324-1ac99592378d
231,E08000004,Oldham, ,396603,406784,-2.05274896548,53.5576838762,144009083.688797,60962.5161536524,e1941623-6829-4803-b1c9-d4519ae2f570
232,E08000005,Rochdale, ,390315,412326,-2.14784438218,53.607416385,156235168.830826,70318.8138267209,13b929ca-912d-4c8f-9d58-99b43cf9e2b4
233,E08000006,Salford, ,374556,398128,-2.38485156928,53.4792712595,97966760.8522491,56607.4574926673,ae5052dc-fa38-47cd-b26a-06e73febfc7f
234,E08000007,Stockport, ,391807,388258,-2.12465833482,53.3911100572,125568335.173462,56970.4374279622,4492806d-f347-46a2-8360-b60ceecbe2ae
235,E08000008,Tameside, ,394987,397995,-2.07700155069,53.4786713364,102157735.37204,43840.6156983993,1bc6c588-6735-4d67-a53d-2007bf41317a
236,E08000009,Trafford, ,375790,391163,-2.36572096048,53.4167258058,108080386.800537,50827.7922845074,63c9aca2-be63-43f0-b409-fafc001ac9d4
237,E08000010,Wigan, ,362139,402126,-2.57242473955,53.514454948,188317219.242844,71511.8872470227,cda97032-982d-4303-a28d-a9a62b3cb609
238,E08000011,Knowsley, ,344762,393778,-2.83297855126,53.4378857666,86259350.6676788,57791.3542374306,4136fded-0a4a-4a1d-9c8b-ef58c71d3df6
239,E08000012,Liverpool, ,339359,390556,-2.91367963534,53.4083336313,112935885.770943,54781.587001873,fadebaa8-d1f2-4cc4-88ba-0d914511751c
240,E08000013,St. Helens, ,353413,395992,-2.70309272762,53.4586219734,135954692.29882,64913.9633672744,f665f66e-1598-4321-94aa-b569eae5e9ea
241,E08000014,Sefton, ,334282,398835,-2.99177121673,53.4821291868,154243605.187302,97647.7486292833,413ba0f0-fad7-4e77-9146-c1a932bc08d4
242,E08000015,Wirral, ,329109,386965,-3.067033994,53.3747821455,157523820.959114,57184.1913297039,d4f844a6-781f-471b-8358-5eac2574d3bb
243,E08000017,Doncaster, ,459167,403733,-1.10894686335,53.5269575561,567311902.824066,116347.167268119,c29fb339-4965-4929-9966-1d866ad39260
244,E08000018,Rotherham, ,447542,388980,-1.28651469151,53.3955378485,289185192.302475,88845.3632514031,72b9ab4e-7917-4f0a-9fda-515da0a91a0b
245,E08000021,Newcastle upon Tyne, ,422287,569661,-1.65296988637,55.0210025642,111311386.128891,59840.8850632747,d953f788-bfe0-4925-9784-a04572d931bd
246,E08000022,North Tyneside, ,431485,570602,-1.50901077232,55.0289643646,82610599.952301,56497.2667737352,97ac1b81-6348-42a9-a982-5aa66eeb4ba3
247,E08000023,South Tyneside, ,435505,564057,-1.44693543977,54.9698827831,63829462.365097,34213.8586507749,4d5630e6-3c81-418b-b9a9-821740eedf9e
248,E08000024,Sunderland, ,436455,551514,-1.43368026418,54.8571064027,136197746.628265,60243.9323621595,6761108a-7519-48bb-9dbc-9a4b7681044f
249,E08000025,Birmingham, ,408150,287352,-1.88141159043,52.484043966,269035994.327301,88771.2776116519,1809e8ed-6d07-406b-b0fa-31e1ba68e8fe
250,E08000026,Coventry, ,432809,279689,-1.51905185781,52.4142376614,99814432.6769562,43491.2605679822,acb62c3d-3a5a-4f54-a94f-aad4b13908f3
251,E08000027,Dudley, ,393191,288584,-2.10171442228,52.4951351716,97276251.4931335,60134.2576855566,b5781661-d0c3-4859-9468-ded337c8ba6b
252,E08000028,Sandwell, ,399573,290764,-2.00771605652,52.5147773175,85221028.9950333,48305.2170000014,6177f2cf-da41-406b-8173-29a15088e552
253,E08000029,Solihull, ,419434,281483,-1.71558831972,52.4309997874,177581790.779434,82679.6303269348,d3ec7948-2e95-4e2f-af63-1fceecad0f63
254,E08000030,Walsall, ,402099,300807,-1.97043396087,52.6050593218,104037236.450035,49852.8697483562,80199489-8604-4261-8c42-51cdfb635c77
255,E08000031,Wolverhampton, ,391463,300016,-2.12746370381,52.5978828034,69461850.0617142,41129.9723716962,fb5bd5fa-6306-445e-a376-78f4f9cd3aa6
256,E08000032,Bradford, ,408395,438626,-1.87389530316,53.843826299,369651683.846832,113378.352151946,ed981648-01ae-40e4-a73a-3d4d2aee9baa
257,E08000033,Calderdale, ,402618,424895,-1.96180643657,53.7204729716,367612475.283127,94048.3010100837,6c1f4427-9c07-4951-8da3-fa2f15cdfe66
258,E08000034,Kirklees, ,414586,416223,-1.78085073666,53.642334008,405306353.385895,106837.808517252,ba67cbf5-b5aa-4114-bf0f-61d9b7e52fbe
259,E08000035,Leeds, ,432528,436384,-1.50736109698,53.8227327405,550640034.865128,133852.55658201,ccfd8b19-13a4-46d2-9fd2-45965775e9df
260,E08000036,Wakefield, ,438367,418231,-1.42091075561,53.6591849917,337240885.689636,90463.3028353905,532df623-a087-4020-8b61-a07cc2d5eb18
261,E08000037,Gateshead, ,420158,559652,-1.68696493444,54.9311516886,145122207.883133,78386.8529417085,1f650685-3df8-4b0e-ab97-fcf6d06a1def
262,E08000038,Barnsley, ,429979,403327,-1.54925875591,53.525774867,327245453.448944,106160.316338922,cd6ee987-524b-4fab-b214-0b1b69b2e97a
263,E08000039,Sheffield, ,430511,389736,-1.54254831201,53.4035862918,365670799.443451,114108.633527879,090c8525-20d1-4210-91e9-c59325962bc0
264,E09000001,City of London, ,532382,181358,-0.0935189961694,51.5156437265,2350860.86525726,6689.9268297958,326403b4-d59b-49bf-892f-af696eb37b75
265,E09000002,Barking and Dagenham, ,547757,185111,0.129479201353,51.5455560724,36741941.2274628,32455.9911574509,7ef6def6-1d04-4fa1-83e7-8e868d0b7a85
266,E09000003,Barnet, ,523473,191752,-0.218196698178,51.6110720746,86665152.1877594,41943.1584541682,58a8b0d5-8320-4815-a76e-ccc02f3580d9
267,E09000004,Bexley, ,549202,175434,0.146212422138,51.4582262886,61641992.090744,37017.1057847038,359ed9d6-05bb-4e44-8ea4-253d0ffd88d7
268,E09000005,Brent, ,519615,186465,-0.275687257578,51.5643872586,44179370.1184082,33216.3568265264,5ca62603-80fc-4544-8d73-104152c101aa
269,E09000006,Bromley, ,542036,165707,0.0392456973225,51.3726630327,150200354.494507,63023.1071889816,903a7ca1-eacd-423d-827d-d0ff90204145
270,E09000007,Camden, ,527491,184283,-0.162909512195,51.5430545239,21269432.2465897,22059.4704119237,d05a4b98-448c-405f-bac9-c6ebc258bd2c
271,E09000008,Croydon, ,533922,164745,-0.0776173307903,51.3659865413,85955790.7896347,46711.535870876,e13da713-cb52-49be-a115-fad24de7b9ab
272,E09000009,Ealing, ,517055,181959,-0.314101124636,51.5244251667,54703293.5004959,39296.8632324367,9af0234e-b781-4423-8997-77bbe8d01f55
273,E09000010,Enfield, ,532831,196198,-0.0814424186392,51.6488962342,83007482.2971954,37695.486839901,92810d00-1725-4df5-affa-ea9356df4bbb
274,E09000011,Greenwich, ,542507,175878,0.0500925468723,51.4639396841,47847794.9277496,39981.6325396899,f89386a0-5120-453a-9949-5fe025628795
275,E09000012,Hackney, ,534560,185787,-0.0604577999208,51.554929484,19832945.1758347,21351.2425933913,dfdd5607-6d14-4f68-9769-0a183ba41666
276,E09000013,Hammersmith and Fulham, ,523867,177993,-0.217351369863,51.4873307417,16688852.644989,21924.219330102,0b012962-4008-4457-93e6-528abd4562f1
277,E09000014,Haringey, ,531260,189349,-0.106700614871,51.587717113,28656867.0462112,25726.8573241027,d4898fa4-eec9-482d-92cb-94c6eb438e0f
278,E09000015,Harrow, ,515359,189736,-0.335987578138,51.5946714599,51801479.5922928,31182.0556027942,63db034d-ee13-48dd-943a-91ff88e08d64
279,E09000016,Havering, ,555032,187514,0.235368146542,51.5651966638,113352764.11364,58215.2569217608,80d978ec-05de-4841-8a70-a52be5204021
280,E09000017,Hillingdon, ,508168,183121,-0.441794419276,51.5366398106,115529298.445053,55986.3430131733,9799d8db-e991-43a6-980b-573c227a5e60
281,E09000018,Hounslow, ,512737,174959,-0.378550025306,51.4623864652,55895238.7357101,56171.3729985704,d1244756-fcc4-42b4-81f9-3e985ddf4239
282,E09000019,Islington, ,531160,184645,-0.109896387675,51.5454678972,15147055.2425613,17529.0688543183,77498c3f-8add-4494-b749-c93b8c362957
283,E09000020,Kensington and Chelsea, ,525756,179054,-0.189780888397,51.4964496539,11009648.5996475,19789.9317937829,bfef2c15-508b-4b76-b0b6-acb88aac19b8
284,E09000021,Kingston upon Thames, ,519508,167389,-0.283678526726,51.3929624345,37854519.4491577,33057.8145247818,600e2c34-4237-49e5-844e-f4a429173601
285,E09000022,Lambeth, ,531118,175629,-0.113850894948,51.4644530721,26926204.3459625,28677.7151036598,1811df4b-da47-484e-ba4e-0ac98a3d58b2
286,E09000023,Lewisham, ,537888,173343,-0.0173444001644,51.4423023379,34363024.3550262,31036.6526770245,85f77cda-aa7b-4f0e-8734-18e9a1b11f2b
287,E09000024,Merton, ,526068,169508,-0.188686763087,51.4105880711,37363811.4061203,27911.0759982996,ff956631-1354-4f83-b7d0-d845ae10269b
288,E09000025,Newham, ,540713,183346,0.0272609442612,51.5314952862,36861559.4315948,26317.1378917868,8a0280fd-015f-48fb-98c5-b216279f8eb6
289,E09000026,Redbridge, ,543512,189477,0.0700850691943,51.5858816813,57723543.7370224,36059.3667125629,fd82fc9b-8d47-4c0d-837a-86413b6b0ec4
290,E09000027,Richmond upon Thames, ,519005,172650,-0.289139974025,51.4403520538,56058890.5736237,59393.0319958784,3ceab9ee-60f0-4131-86ea-c276865810c3
291,E09000028,Southwark, ,533945,175869,-0.0730882911958,51.4659482176,29340081.3202057,28387.7863442945,b2f37344-07b7-474d-b197-ee9bb4196319
292,E09000029,Sutton, ,527357,163639,-0.172265132181,51.3575546997,44495920.8167877,32961.7603399833,c549f97a-348f-4e2c-a87b-a82037b62638
293,E09000030,Tower Hamlets, ,536340,181452,-0.0364756384119,51.5155475381,19711589.4363098,23647.8194713531,4b749315-d708-42bb-820a-4c6e66592b2b
294,E09000031,Waltham Forest, ,537328,190278,-0.018803060851,51.5946192891,39280519.9152603,28358.2612712938,2f6d2ede-f4b5-4dc5-b54a-6c14e32a9137
295,E09000032,Wandsworth, ,525152,174138,-0.200216729402,51.4524022247,33765013.0199356,39335.260577303,d2172c47-897c-4d4c-8436-9f6a7f5ea420
296,E09000033,Westminster, ,528268,180871,-0.152953011059,51.5122151923,22270407.0537567,25048.2330359286,29edf1a3-6449-46f4-950a-55a873beb8c4
297,N09000001,Antrim and Newtownabbey, ,130813,541285,-6.17760147934,54.6938605476,725761125.743118,145231.806768581,bce8fecd-5fcc-46ec-9d00-eab7963f25eb
298,N09000002,"Armagh City, Banbridge and Craigavon", ,112110,508158,-6.43455315528,54.3867060865,1435003835.84644,202085.206020137,565254e5-b57a-4034-a5b9-ced621126109
299,N09000003,Belfast, ,146465,529747,-5.92535183899,54.5985341176,137788256.009338,55368.1083247019,da4b82cb-8064-4a38-91e3-88edf1ffe3b4
300,N09000004,Causeway Coast and Glens, ,106168,581420,-6.59960692529,55.0396208458,1977964633.66272,290607.094630468,5ad0ed13-b657-423f-ac8c-310e970106b8
301,N09000005,Derry City and Strabane, ,51779,559566,-7.42064242249,54.8090448476,1240643821.97952,236268.512790334,c5c42229-b0a8-462c-a346-b8dc42f61a07
302,N09000006,Fermanagh and Omagh, ,41233,513013,-7.52710363681,54.3852125867,2998779685.66531,360622.210229045,973d4ed4-16aa-45f3-89b8-19babadc5ac9
303,N09000007,Lisburn and Castlereagh, ,138712,518920,-6.03545452946,54.4975258944,511678825.677032,133180.971163027,66ba55c1-4bf8-4f77-ad12-f8d1b71eb326
304,N09000008,Mid and East Antrim, ,133943,560151,-6.14645756223,54.8646246726,1060218094.35763,200659.17735635,8911378e-a439-4edc-a494-17729a9364ad
305,N09000009,Mid Ulster, ,83920,528564,-6.88890659096,54.5527354982,1958123217.69982,270173.112054959,087117d0-e99a-4857-896e-063742ac58c8
306,N09000010,"Newry, Mourne and Down", ,133006,480432,-6.08891224891,54.1495367643,1675723955.11671,301205.721122951,643f0195-2fdf-40a8-b952-4eb22465a37e
307,N09000011,Ards and North Down, ,164321,524944,-5.64568907442,54.5640976429,564215727.0672,138665.785842263,5c46b3f2-16e2-4489-824b-a60523fd4838
308,S12000005,Clackmannanshire, ,291178,696402,-3.75316562897,56.1478476834,159691059.910843,80247.5964314206,745aa969-8502-43bb-87c4-a4caac0e83ad
309,S12000006,Dumfries and Galloway, ,270645,579856,-4.02863412628,55.096211223,6434444145.60776,768099.088236957,71141839-8aae-45c6-8356-1ba4dcff863d
310,S12000008,East Ayrshire, ,255398,624935,-4.29057347449,55.4967424904,1273186861.23479,276607.3525259,f8e254b2-9880-48ca-97c9-99822833d3f7
311,S12000010,East Lothian, ,354854,672351,-2.72435199225,55.9420698996,678158626.892975,153066.47673438,faa3771e-2d94-4096-b549-24e455dae5df
312,S12000011,East Renfrewshire, ,251930,653115,-4.36058456735,55.7486883829,175673929.966217,75235.332193271,fc4460ef-506d-41d8-bfc7-ec52f350946c
313,S12000013,Na h-Eileanan Siar, ,126473,932862,-6.65722410128,58.1993889846,2996133835.64253,1970888.15666214,5edcada6-d6bc-47c2-9162-c115af72aabf
314,S12000014,Falkirk, ,285585,680170,-3.83619168781,56.0007769603,295752717.326706,117855.938125045,a06d917f-4eb5-4333-aeba-86e6080cc996
315,S12000017,Highland, ,241018,858292,-4.66103792525,57.5865697182,26038450010.2128,3428925.01705719,c3d40e68-794b-4835-8813-34ad85848240
316,S12000018,Inverclyde, ,227922,670894,-4.75387004247,55.9003072151,161838059.046051,64646.6267271072,ed93d7a1-016e-4dde-86d0-5cfc311f4851
317,S12000019,Midlothian, ,330088,659217,-3.11737997898,55.8211164342,354813256.347198,110234.868394774,debbc325-10d9-47ad-ab54-822576be308c
318,S12000020,Moray, ,328015,843590,-3.20202718737,57.4768094498,2240376789.51445,362161.001531823,1a39d5e1-654a-4998-a13c-c124cee52a86
319,S12000021,North Ayrshire, ,228996,651640,-4.72460408659,55.7278923575,876811256.241966,276901.174253324,ca48eeff-6257-453c-9adb-172851e4924c
320,S12000023,Orkney Islands, ,348293,1006584,-2.90025134742,58.9433414334,978821113.905701,845751.319717963,cd56b8d8-11a6-4fb8-bcd6-b791529b84f7
321,S12000026,Scottish Borders, ,345889,626137,-2.85869450961,55.5259579037,4744273796.18948,432021.257591179,24037b74-cd73-4c88-a509-b1279c1d5b1b
322,S12000027,Shetland Islands, ,434516,1180307,-1.37344193376,60.5049505411,1405735995.96628,1345488.93231555,e16bfc4a-79da-404a-bfe2-fcbd8cdd7629
323,S12000028,South Ayrshire, ,226545,596271,-4.72899787773,55.230086815,1222453409.09637,254145.378673671,08366d8f-7b27-4c3f-ac1f-5f6bd23c0800
324,S12000029,South Lanarkshire, ,284634,636071,-3.83272187837,55.6045305998,1771550624.40652,247588.64738527,86e1fb50-cacd-4e2f-b40c-8123718eed9b
325,S12000030,Stirling, ,255980,708769,-4.32595595808,56.2495321642,2257753715.3457,293689.116111433,ec3fe061-30ed-473b-8957-039b6e88d99d
326,S12000033,Aberdeen City, ,387763,808479,-2.20398296702,57.1669794476,186174563.030914,91764.0418413028,ac7effec-b3cb-40e7-8755-b170fbf358b8
327,S12000034,Aberdeenshire, ,352284,816277,-2.79208864288,57.2346970113,6312607899.91354,589008.982321235,1e3b2477-aa6f-47f5-ad8e-74e78abe7718
328,S12000035,Argyll and Bute, ,200740,715443,-5.22114600128,56.289445475,6900342394.28698,2426016.63224232,d3dcb79d-02da-435f-bc3c-f851eef34b7f
329,S12000036,City of Edinburgh, ,320193,669417,-3.2782678109,55.9112027993,263599357.417465,90468.6422363123,fded06f1-61a5-4982-97ea-06af2e660a76
330,S12000038,Renfrewshire, ,239305,664698,-4.56834327697,55.8486290758,261541570.165375,99310.5168187502,59e938b7-6d2d-4fa9-bcb0-e74a306c2640
331,S12000039,West Dunbartonshire, ,242904,681586,-4.52074706642,56.0014023741,177203129.655045,75767.5989029065,06cfb672-7a9c-4aa1-82fb-4b4e561267cf
332,S12000040,West Lothian, ,299483,668514,-3.60909842929,55.8992094773,427041463.960968,113189.921120297,75f2089f-f2be-483c-9a8c-074e49cb947e
333,S12000041,Angus, ,345506,759636,-2.89210418561,56.7251839303,2185833290.04871,265186.748166143,6967d93b-2dc3-4ed9-8904-4ec7c362fff3
334,S12000042,Dundee City, ,340291,732145,-2.97095265352,56.4776085334,56990786.7253876,39697.2947714572,fc056540-cc4a-4408-866b-614273845b0f
335,S12000045,East Dunbartonshire, ,261240,676154,-4.22417865447,55.9582929748,174167614.36441,83226.1959972311,a91e5a6f-6d8c-4ce2-9f0e-b22f985855a4
336,S12000047,Fife, ,339187,704720,-2.98251398558,56.231115075,1321934194.3687,267363.161931145,5ba89abb-3efa-426a-8c41-6aa8dec5815a
337,S12000048,Perth and Kinross, ,284302,744185,-3.88484036722,56.5752839704,5382722567.68074,503196.020688636,34587162-0801-4493-8b43-6a2da456a1bc
338,S12000049,Glasgow City, ,261534,667033,-4.21479689154,55.8764898939,178529444.326721,87927.9143895327,7190d110-ae51-4f3b-b593-2236868b242d
339,S12000050,North Lanarkshire, ,277984,665608,-3.9514046792,55.8681436998,469803303.88121,138701.238003776,0f384394-2ae9-474b-bf32-cc5606eca1f1
340,W06000001,Isle of Anglesey,Ynys Môn,245217,378331,-4.32298125602,53.2793141937,709681522.423096,221300.712980649,ad6be749-6261-4be2-b631-5b570b5d443a
341,W06000002,Gwynedd,Gwynedd,280555,334966,-3.77715656077,52.8988378285,2545533444.1965,453384.439673168,96894ecc-e6e9-48aa-acee-0ce3fb383968
342,W06000003,Conwy,Conwy,283293,362563,-3.74646147541,53.1473991984,1133113451.22993,213766.17275727,8e4cdf0c-1369-48b0-88cf-abb126d1ca70
343,W06000004,Denbighshire,Sir Ddinbych,309843,355416,-3.34761018826,53.088331882,833519961.823326,190454.02660482,0366be7d-aff8-450e-ad2c-5fcbc3b4f006
344,W06000005,Flintshire,Sir y Fflint,321134,369280,-3.18248206971,53.2147184168,435402182.757805,141594.755379892,c9d91064-0825-4595-ac1b-fdae83810fc6
345,W06000006,Wrexham,Wrecsam,333523,345387,-2.99203321849,53.0016730956,506869221.271835,155295.953544693,5a5546ea-2464-4d65-a22e-48880f742eba
346,W06000008,Ceredigion,Ceredigion,267127,268437,-3.94993038499,52.297953258,1782341495.13132,269446.155514163,5cd8a83f-5c48-49c6-a451-ecf6e8b6d32c
347,W06000009,Pembrokeshire,Sir Benfro,199821,221391,-4.90818402413,51.8551266767,1606785399.09271,457837.62320728,e9ca0058-394b-4efa-bf35-5ad7127f7a6c
348,W06000010,Carmarthenshire,Sir Gaerfyrddin,247955,224133,-4.21109120618,51.8949566045,2373903509.80281,349498.148508221,17a174ba-9fab-49c1-8a25-eb7d12f9bdc6
349,W06000011,Swansea,Abertawe,264022,197308,-3.96723204068,51.658066013,378303379.705833,152311.959816929,f272e16e-c4c0-43d8-98d7-8a42c131307c
350,W06000012,Neath Port Talbot,Castell-nedd Port Talbot,279261,195412,-3.74638268363,51.6445086632,446972153.348927,128722.183698562,4003f305-a85c-4cdd-a1dd-ece5e633228d
351,W06000013,Bridgend,Pen-y-bont ar Ogwr,288231,185870,-3.61375859808,51.5606020316,247271021.549644,77890.9505976971,f6b9e98c-0e50-40c2-8304-569a11acbeec
352,W06000014,Vale of Glamorgan,Bro Morgannwg,302947,173080,-3.39801573862,51.4483606503,331126328.66267,92208.9706478704,494d6aa9-6f18-424c-9d81-de25e8486304
353,W06000015,Cardiff,Caerdydd,315272,178887,-3.22209479565,51.5025445141,143396959.186275,56577.6523005349,78b0c621-795b-4184-a0e0-d8e6c7dd5cfc
354,W06000016,Rhondda Cynon Taf,Rhondda Cynon Taf,302237,192395,-3.41359760419,51.6218574814,422367693.124981,112311.51707442,a2851560-c54a-4499-95da-63f090a3297f
355,W06000018,Caerphilly,Caerffili,317245,195259,-3.19753769913,51.6500132025,277812160.267925,98223.998043405,4cd8a97d-0346-4a26-9562-68fee7641a74
356,W06000019,Blaenau Gwent,Blaenau Gwent,318236,206771,-3.18592121601,51.7536433892,109273372.239006,58166.9529683021,f3920e63-919b-44ac-9903-6f1ca280593a
357,W06000020,Torfaen,Torfaen,327459,200480,-3.05101874132,51.6983610379,125718310.474266,68470.4790201423,b08ca3a4-80a3-445d-b46b-017ebd455710
358,W06000021,Monmouthshire,Sir Fynwy,337812,209231,-2.90280583929,51.7782778088,854730386.511208,187046.357039454,ea01a6fb-cbb2-499c-862b-c49a1b145ef8
359,W06000022,Newport,Casnewydd,337897,187432,-2.89768984987,51.5823105778,191701217.147526,105866.779805324,24ee52eb-56fc-4d1b-a5fa-43f2010437c0
360,W06000023,Powys,Powys,302329,273254,-3.43531801862,52.3486390469,5199673437.26656,504284.660198897,48435952-66b8-4776-83f9-9de647cc120a
361,W06000024,Merthyr Tydfil,Merthyr Tudful,305916,206404,-3.36425227221,51.7484090661,113429663.904167,59176.4583326824,195bd9b7-fc1e-459d-bc06-b37d2405994a
