ladnm,50-54,55-59,60-64,65-69,70-74,75-79,80-84,85-89,90+,total,year
Adur,3249,3183,3432,3695,3154,2813,1945,1015,393,58009,1991
Allerdale,5545,5356,5492,5242,4341,3182,2092,1080,347,95685,1991
Amber Valley,6358,5912,5845,5902,4983,3865,2665,1266,477,111927,1991
Arun,6391,6504,7533,9007,8691,8193,5823,3105,1258,129323,1991
Ashfield,6132,5461,5317,5499,4414,3287,2058,1038,339,108368,1991
Ashford,5066,4641,4526,4584,3903,3063,2023,959,408,92325,1991
Aylesbury Vale,7792,6953,6202,5691,4410,3701,2403,1220,527,145943,1991
Babergh,4478,4119,4218,4169,3402,2785,1802,959,411,79637,1991
Barking and Dagenham,6736,7086,7888,8478,6280,5135,3260,1551,574,143658,1991
Barnet,14683,13937,13451,13014,11034,10541,7478,3735,1601,293559,1991
Barnsley,12268,11778,11630,11530,9082,6963,4437,2131,686,220962,1991
Barrow-in-Furness,4242,3707,3726,3589,3368,2391,1442,638,221,73121,1991
Basildon,8591,8242,7695,7052,5470,4170,2492,1116,425,161120,1991
Basingstoke and Deane,7954,6922,6082,5478,4183,3399,2201,991,419,144782,1991
Bassetlaw,6082,5666,5484,5273,4090,3190,2006,1008,368,103981,1991
Bath and North East Somerset,8842,8548,8816,8855,7358,6203,4280,2143,965,158682,1991
Bedford,7363,6921,6686,6001,4794,3956,2596,1317,560,133678,1991
Bexley,12053,11489,10736,9768,8054,6803,4534,2110,770,215633,1991
Birmingham,47884,47465,48402,46944,39281,31306,20044,9609,3554,961044,1991
Blaby,4916,4532,4092,3661,2714,2273,1516,757,290,82701,1991
Blackburn with Darwen,6745,6438,6279,6323,4795,4166,2835,1301,525,136607,1991
Blackpool,8887,8454,8770,9179,7432,6541,4604,2312,869,146087,1991
Blaenau Gwent,3998,3797,3759,3963,3416,2514,1617,753,258,72251,1991
Bolsover,3883,3902,3886,3988,3200,2313,1419,698,219,70394,1991
Bolton,13987,12477,12278,12842,9833,8122,5303,2569,939,258579,1991
Boston,3079,3064,3248,3085,2371,2049,1358,683,227,53236,1991
Bournemouth,7636,7869,8628,9538,8455,8055,6309,3567,1616,151300,1991
Bracknell Forest,4652,4185,3765,3447,2584,2073,1294,748,274,95950,1991
Bradford,23092,22507,22135,21884,16119,13740,9272,4833,1970,457354,1991
Braintree,6240,5474,5381,5232,4467,3792,2535,1366,490,118883,1991
Breckland,5948,5576,5777,6155,5086,4198,2783,1272,499,107152,1991
Brent,13156,12204,10621,9023,7145,6382,4223,1997,687,243031,1991
Brentwood,4480,4311,4212,3718,2801,2262,1504,777,281,70571,1991
Bridgend,7441,6895,6725,7107,5513,4319,2677,1256,474,129254,1991
Brighton and Hove,11405,10843,11804,12455,11125,10596,7998,4182,1816,228939,1991
"Bristol, City of",18432,17794,18770,19162,16231,13318,9002,4591,1861,376137,1991
Broadland,6673,6249,6190,5725,4715,3859,2674,1313,481,106269,1991
Bromley,16401,15991,15842,14646,12201,10029,7054,3437,1330,290597,1991
Bromsgrove,5641,5142,4979,4394,3505,2723,1778,936,376,91514,1991
Broxbourne,4790,4682,4126,3506,2635,2191,1252,591,194,81427,1991
Broxtowe,6155,5718,5410,5217,4234,3349,2271,968,416,107140,1991
Burnley,4667,4446,4469,4563,3459,2967,2093,976,359,91148,1991
Bury,9993,9017,8427,8207,6323,5710,3840,1777,718,176765,1991
Caerphilly,9431,8817,8398,8492,6401,4723,3038,1413,443,169608,1991
Calderdale,10165,9119,9317,9621,7747,6475,4374,2203,877,191595,1991
Cambridge,4389,4144,4275,4353,3850,3457,2351,1213,480,91918,1991
Camden,8741,7891,7805,7352,6181,5457,3969,1906,828,170467,1991
Cannock Chase,4892,4257,4238,3946,2894,2097,1278,587,190,88846,1991
Canterbury,6508,6066,7023,7525,6653,5631,3980,2105,996,123932,1991
Cardiff,13919,13857,14405,14786,11417,9084,6011,3097,1190,285394,1991
Carlisle,5646,5559,5697,5552,4251,3563,2330,1122,435,100548,1991
Carmarthenshire,9688,9653,10122,10623,8749,6795,4360,2083,745,168344,1991
Castle Point,5276,4592,4221,3963,3205,2501,1603,737,259,86561,1991
Central Bedfordshire,11926,10622,9476,8693,6738,5427,3635,1803,647,218742,1991
Ceredigion,3718,3552,3829,3936,3157,2531,1694,824,331,63097,1991
Charnwood,7810,7338,7057,6418,5035,4426,2821,1395,530,141794,1991
Chelmsford,8474,7634,6888,6189,5060,4176,2762,1275,497,152419,1991
Cheltenham,5354,5080,5198,5619,4623,3922,2683,1337,588,103109,1991
Cherwell,6077,5381,5077,4724,3801,3123,2028,1013,378,117837,1991
Cheshire East,20433,18351,18168,16888,13543,11031,7437,3554,1499,339279,1991
Cheshire West and Chester,18478,16779,16641,15349,11946,9494,6249,2921,1101,310936,1991
Chesterfield,5426,5105,5496,5685,4601,3474,2189,1047,401,99380,1991
Chichester,5780,5972,6374,6428,5659,5076,3508,1864,743,101375,1991
Chiltern,5883,5463,4640,4065,3087,2597,2013,1071,455,89864,1991
Chorley,5485,4541,4340,4288,3332,2694,1850,916,264,96498,1991
Christchurch,2158,2320,2823,3460,3168,2774,1933,872,347,40876,1991
City of London,276,325,308,222,168,105,87,42,17,4141,1991
Colchester,7518,6708,6552,6183,5274,4478,2929,1516,601,142529,1991
Conwy,5877,5843,6701,7119,6123,5405,3950,2169,932,106329,1991
Copeland,4147,3943,3866,3505,2879,2008,1291,582,222,71294,1991
Corby,2975,2746,2637,2532,1762,1267,705,287,97,53050,1991
Cornwall,26502,25763,27406,27644,22823,19121,13106,6312,2654,466377,1991
Cotswold,4059,4000,4313,4384,3679,3133,2132,1031,422,73955,1991
County Durham,28689,27582,27406,26349,20221,15341,10152,4649,1671,494524,1991
Coventry,15316,14615,14950,15332,12664,9881,5925,2783,1020,294403,1991
Craven,2768,2830,2983,3025,2426,2093,1483,765,349,49898,1991
Crawley,3946,4237,4845,4377,3021,2031,1162,558,222,87636,1991
Croydon,16640,15586,14553,12957,10364,8828,6269,3082,1369,313523,1991
Dacorum,6954,6967,6760,6209,4614,3670,2401,1151,497,132267,1991
Darlington,5547,5136,5331,5358,4146,3406,2256,1127,429,98908,1991
Dartford,4460,4381,4142,3745,2800,2199,1578,745,300,79431,1991
Daventry,3606,3012,2971,2702,2277,1700,1040,611,240,62912,1991
Denbighshire,4884,4685,5186,5409,4785,4052,2884,1412,613,88229,1991
Derby,11215,11137,11616,11369,8864,7176,4811,2211,772,218816,1991
Derbyshire Dales,4226,3924,3764,3741,3088,2568,1806,865,344,67594,1991
Doncaster,15708,15436,15610,15284,11043,8574,5254,2412,967,288863,1991
Dover,5600,5440,5477,5725,5019,3987,2742,1463,614,103220,1991
Dudley,18648,16905,16537,15078,12263,9129,5816,2854,1039,304646,1991
Ealing,14254,13101,11726,10908,8686,7742,5255,2643,975,275267,1991
East Cambridgeshire,3371,3183,3250,3036,2463,2076,1351,759,241,60420,1991
East Devon,6144,6203,7629,8720,7701,6998,5116,2714,1053,115884,1991
East Dorset,4443,4287,4916,5727,4905,4113,2579,1171,510,78692,1991
East Hampshire,5954,5132,4800,4419,3744,3208,2208,1144,494,103469,1991
East Hertfordshire,6776,6169,5423,4723,3674,3123,2095,1056,444,115817,1991
East Lindsey,6871,7047,7851,8103,6511,5029,3173,1510,623,116978,1991
East Northamptonshire,3563,3228,3088,3120,2666,2198,1581,782,359,67671,1991
East Riding of Yorkshire,17685,16785,16577,15721,12542,10649,7119,3483,1404,292007,1991
East Staffordshire,5515,5156,5163,4906,3587,2959,1951,1014,382,97082,1991
Eastbourne,3834,3833,4779,5413,5370,5204,3989,2210,1015,81391,1991
Eastleigh,5820,5033,5039,4641,3674,2912,1797,932,350,105993,1991
Eden,2726,2593,2771,2474,2052,1631,1146,552,198,45557,1991
Elmbridge,6693,6155,5715,5646,4681,4154,2938,1511,559,114458,1991
Enfield,13965,12922,12021,11020,9252,8492,6096,2963,1143,257411,1991
Epping Forest,6971,6640,6654,6255,4921,4073,2641,1188,452,116023,1991
Epsom and Ewell,3983,3691,3504,3363,2774,2726,2046,970,369,67004,1991
Erewash,5886,5463,5274,5138,4246,3365,2254,1088,442,106136,1991
Exeter,5197,4882,5044,4938,4164,3607,2552,1307,505,98149,1991
Fareham,5801,5619,5219,4922,3793,3096,2065,938,398,99267,1991
Fenland,4042,4169,4434,4484,3497,2648,1812,856,319,74436,1991
Flintshire,8425,7016,7048,6467,5335,4266,2753,1177,480,141333,1991
Folkestone and Hythe,4951,4569,5052,5352,4889,4189,3167,1598,666,91468,1991
Forest Heath,2445,2257,2270,2330,2022,1747,1036,497,158,54831,1991
Forest of Dean,4484,4151,4030,4139,3289,2569,1656,852,317,75340,1991
Fylde,4053,4116,4555,4645,4004,3376,2418,1265,619,70992,1991
Gateshead,11745,11516,11537,11135,8581,6586,4236,1916,645,199587,1991
Gedling,6453,6082,5791,5604,4089,3348,2299,1054,394,110127,1991
Gloucester,5233,4831,5035,5079,3665,3039,1899,975,408,101617,1991
Gosport,3421,3485,3415,3242,2826,2369,1553,782,296,75049,1991
Gravesham,5367,5064,4797,4286,3397,2601,1664,790,311,92414,1991
Great Yarmouth,4754,4520,4967,5093,4172,3479,2401,1080,418,87736,1991
Greenwich,9736,9236,9284,9583,8167,6756,4351,2067,720,207669,1991
Guildford,6855,6537,6342,5681,4679,3983,2727,1414,554,122382,1991
Gwynedd,6346,6327,6805,6691,5370,4516,3104,1622,620,113364,1991
Hackney,7932,7843,7647,6836,5314,4572,3194,1510,561,181262,1991
Halton,6265,5779,5821,5249,4144,3028,1774,809,282,123680,1991
Hambleton,4884,4419,4264,3919,3122,2592,1799,875,315,79452,1991
Hammersmith and Fulham,7070,6457,5950,5633,4883,4412,2804,1373,560,148495,1991
Harborough,4070,3587,3346,3113,2413,2036,1443,646,274,67593,1991
Haringey,10057,9137,8126,7147,5600,5071,3500,1850,767,202193,1991
Harlow,3869,4203,4365,3679,2496,1717,965,437,185,74630,1991
Harrogate,8083,7464,7470,7031,5852,5227,3847,2054,959,138266,1991
Harrow,11159,10115,8801,8044,6887,6791,5005,2431,930,200096,1991
Hart,4973,3973,3118,2622,2089,1723,1338,608,278,80933,1991
Hartlepool,5126,5175,4942,4675,3387,2517,1622,814,296,90395,1991
Hastings,3862,3771,4042,4191,3885,3666,2710,1532,679,80803,1991
Havant,6831,6768,6813,6236,4815,3657,2331,1223,492,119683,1991
Havering,13058,13000,13190,12432,9287,7040,4315,2004,863,229524,1991
"Herefordshire, County of",8986,8752,9124,9192,7339,6091,4062,2023,760,160172,1991
Hertsmere,4634,4485,4707,4652,3889,2974,1875,1003,450,87578,1991
High Peak,4780,4244,4144,3881,2990,2681,1850,885,327,85085,1991
Hillingdon,12579,11868,11091,10215,8396,7382,4794,2337,809,231612,1991
Hinckley and Bosworth,5321,4767,4718,4535,3427,2841,2004,939,334,96207,1991
Horsham,6113,5681,5454,5305,4378,3892,2739,1522,620,108542,1991
Hounslow,10694,9696,8903,8079,6538,5763,3933,2000,712,204401,1991
Huntingdonshire,7613,6213,5668,5362,4119,3502,2351,1169,439,144116,1991
Hyndburn,4167,3736,4038,4007,3132,2689,1673,804,283,78371,1991
Ipswich,5668,5766,6017,5898,4972,4176,2869,1429,588,116982,1991
Isle of Anglesey,3981,3763,3867,3803,3083,2505,1637,824,328,69194,1991
Isle of Wight,6738,6780,7415,8207,7132,6145,4303,2275,847,124597,1991
Isles of Scilly,121,113,133,102,86,72,48,25,8,2052,1991
Islington,7885,7506,7651,6983,5279,4610,3006,1472,547,164692,1991
Kensington and Chelsea,8011,6454,5964,5254,4417,3790,2748,1429,585,138406,1991
Kettering,3836,3509,3654,3730,2971,2559,1747,944,416,76146,1991
King's Lynn and West Norfolk,7411,7281,7978,8226,6416,5254,3358,1573,676,130479,1991
"Kingston upon Hull, City of",12410,12782,12891,12982,9862,8118,5196,2449,890,254109,1991
Kingston upon Thames,6836,6160,5942,5923,5319,4811,3279,1623,630,133018,1991
Kirklees,20143,18197,18028,17444,14198,11715,7769,3847,1397,373128,1991
Knowsley,8109,8603,8560,7047,4917,3597,2141,980,337,152079,1991
Lambeth,10975,10482,10446,9505,7578,6499,4130,2032,821,244812,1991
Lancaster,6648,6702,6912,7139,5745,5235,3744,1938,755,123822,1991
Leeds,36770,35644,35360,33931,27286,23034,15401,7509,2789,680739,1991
Leicester,12257,12133,12732,12744,10203,8566,6002,3070,1305,270502,1991
Lewes,4756,4643,4970,5502,4942,4225,3120,1591,626,87395,1991
Lewisham,11147,10533,10476,9814,8206,7229,4767,2394,931,230979,1991
Lichfield,6169,4893,4395,3937,3092,2361,1537,809,324,92699,1991
Lincoln,3952,3784,4080,4379,3644,2720,1736,813,343,81991,1991
Liverpool,23741,24535,24631,23130,18472,15268,9916,4728,1686,452455,1991
Luton,8987,8224,7149,6186,4722,4165,2735,1274,490,171670,1991
Maidstone,7951,6951,6423,6074,5045,4200,2876,1297,546,136220,1991
Maldon,3090,2629,2415,2286,2010,1669,1186,594,262,52860,1991
Malvern Hills,4299,4049,4114,4126,3359,2894,2021,1060,459,68645,1991
Manchester,19093,19006,20077,20266,16101,13510,8821,4158,1555,404880,1991
Mansfield,5416,5159,5268,5103,4032,3074,1876,915,317,100419,1991
Medway,12357,10803,10059,9337,7893,6009,3865,1792,667,240258,1991
Melton,2554,2308,2236,2227,1763,1402,939,449,183,45105,1991
Mendip,5202,4800,4896,4916,3997,3339,2354,1182,466,95589,1991
Merthyr Tydfil,3272,3130,3041,3349,2550,1835,1178,545,199,59318,1991
Merton,8547,7790,7810,7351,6285,5644,4009,2045,850,168479,1991
Mid Devon,3640,3416,3654,3393,2876,2497,1662,821,363,64297,1991
Mid Suffolk,4419,4023,4083,3948,3318,2669,1837,891,393,78379,1991
Mid Sussex,6891,6266,6138,5433,4477,3970,2995,1588,701,121192,1991
Middlesbrough,7196,7272,7466,6966,5040,3589,2276,1104,413,140850,1991
Milton Keynes,7852,6302,5833,5847,4533,3632,2266,990,372,176327,1991
Mole Valley,4935,4834,4465,4211,3450,3107,2291,1184,497,79198,1991
Monmouthshire,4800,4523,4447,4355,3385,2645,1786,963,345,79958,1991
Neath Port Talbot,7678,7491,7916,8259,6724,5003,3212,1489,503,138255,1991
New Forest,8816,8706,9359,10080,8623,7377,4996,2588,1123,160485,1991
Newark and Sherwood,5962,5592,5706,5418,4114,3187,2121,1051,435,102769,1991
Newcastle upon Tyne,13160,13433,13899,13800,11629,9271,6271,3124,1281,259571,1991
Newcastle-under-Lyme,6980,6688,6630,6357,5112,3925,2593,1195,359,119091,1991
Newham,9799,8980,8513,8119,6560,5400,3535,1679,624,212180,1991
Newport,7489,7193,7307,6913,5387,4133,2694,1298,531,133318,1991
North Devon,4801,4685,4733,4818,4143,3551,2556,1268,587,84785,1991
North Dorset,2704,2635,2994,3180,2772,2373,1602,740,314,52130,1991
North East Derbyshire,5801,5470,5368,5238,4280,2904,1878,806,289,97603,1991
North East Lincolnshire,8770,8556,8257,7927,6410,5063,3237,1527,529,159690,1991
North Hertfordshire,6161,5836,5335,5164,4284,3708,2466,1170,430,112012,1991
North Kesteven,4967,4454,4668,4571,3725,2861,1812,850,305,79942,1991
North Lincolnshire,8715,8089,8158,7777,6061,4623,2957,1379,542,152336,1991
North Norfolk,4970,5141,5840,6209,5427,4787,3194,1584,650,90425,1991
North Somerset,10088,9242,9307,9665,8346,7039,4903,2852,1252,177481,1991
North Tyneside,10521,10581,11250,11203,9077,6434,4305,2074,756,192288,1991
North Warwickshire,3614,3134,3038,2811,2220,1631,1053,479,164,60750,1991
North West Leicestershire,4543,4069,4178,4160,3274,2546,1584,764,270,80542,1991
Northampton,8613,7949,7781,8154,6535,5267,3472,1802,762,180598,1991
Northumberland,17417,16946,16756,16797,12971,10291,6670,3262,1205,304694,1991
Norwich,5744,5601,6037,6263,5309,4390,3270,1627,609,120905,1991
Nottingham,12761,12863,13741,13772,10720,8771,5942,2751,996,263530,1991
Nuneaton and Bedworth,6459,5847,5764,5505,4281,3042,1880,894,317,117038,1991
Oadby and Wigston,3169,3052,2959,2558,1818,1435,1009,460,185,51548,1991
Oldham,12079,10578,10012,10273,7985,6943,4589,2072,767,216514,1991
Oxford,5424,5060,5222,5074,4201,3986,2843,1413,519,110110,1991
Pembrokeshire,6581,6389,6676,6326,5162,3781,2375,1145,419,112041,1991
Pendle,4276,4141,4268,4356,3329,2870,2128,1001,323,85114,1991
Peterborough,7577,7331,7139,6771,5332,4189,2652,1211,461,153204,1991
Plymouth,12467,12071,11849,11709,9836,7975,5298,2677,989,243363,1991
Poole,7024,6879,7246,7419,6531,5793,4071,2074,874,133071,1991
Portsmouth,8348,8014,8345,8827,8133,6664,4661,2302,988,174705,1991
Powys,6757,6791,7095,7012,5810,4558,3137,1452,605,119252,1991
Preston,6535,6435,6332,6270,4866,4023,2787,1403,451,126064,1991
Purbeck,2298,2337,2560,2592,2178,1791,1262,581,238,42436,1991
Reading,6390,5872,5677,5346,4496,3892,2611,1324,479,128911,1991
Redbridge,12014,11135,10929,10447,8732,7595,5363,2693,998,226225,1991
Redcar and Cleveland,8616,7605,7686,7181,5711,4207,2468,1219,450,145141,1991
Redditch,3643,3005,3056,2894,2327,1669,995,458,161,78115,1991
Reigate and Banstead,6530,6256,6237,5851,4884,4126,2989,1559,713,117798,1991
Rhondda Cynon Taff,12756,12279,11929,12880,9986,7386,4501,2236,726,232583,1991
Ribble Valley,3344,3084,2815,2721,2112,1796,1357,609,251,51765,1991
Richmond upon Thames,8634,7630,7402,7304,6391,6093,4221,2088,851,160729,1991
Richmondshire,2413,2235,2193,2010,1667,1317,860,434,146,44210,1991
Rochdale,10402,9769,10180,9688,7097,5980,3983,1823,738,202139,1991
Rochford,4517,4236,4059,3817,3006,2418,1546,779,285,75372,1991
Rossendale,3393,3191,3169,3116,2301,2043,1395,706,253,65663,1991
Rother,4254,4473,5270,6264,5916,5400,4105,2238,1047,81682,1991
Rotherham,14127,12958,12555,12414,9734,7368,4541,2025,820,251649,1991
Rugby,4955,4303,4335,4118,3476,2732,1747,817,365,84568,1991
Runnymede,4170,4066,3891,3593,2863,2498,1649,792,297,71789,1991
Rushcliffe,5594,5359,5068,4759,3800,3156,2142,1157,494,97580,1991
Rushmoor,3984,3344,3087,2810,2297,1963,1307,639,265,82532,1991
Rutland,1902,1649,1584,1493,1173,911,690,315,130,31499,1991
Ryedale,2909,2907,3020,2906,2338,2006,1384,690,244,47560,1991
Salford,12181,11772,11514,11977,9861,7830,5215,2416,894,220466,1991
Sandwell,16120,15489,16101,15665,13034,9816,6181,2730,970,290109,1991
Scarborough,6257,5931,6293,6687,5510,4855,3408,1813,796,106244,1991
Sedgemoor,5453,5095,5502,5775,4512,3718,2537,1296,545,97767,1991
Sefton,16844,16620,16841,15537,12694,10794,7241,3761,1688,289554,1991
Selby,3844,3516,3309,3149,2408,1964,1237,607,205,69898,1991
Sevenoaks,6589,6152,6030,5155,4097,3442,2327,1206,449,108814,1991
Sheffield,28067,25911,25908,26952,23940,19416,12858,6221,2147,501217,1991
Shropshire,15863,14434,14903,14528,11494,9375,6195,3162,1190,266871,1991
Slough,4831,4784,4676,4348,3371,2607,1648,734,234,105620,1991
Solihull,11877,11034,11074,9614,7335,5858,3620,1644,554,199856,1991
South Bucks,4251,3694,3503,3059,2346,2070,1351,732,279,61006,1991
South Cambridgeshire,6731,5916,5565,4984,4132,3497,2449,1259,472,121055,1991
South Derbyshire,3948,3735,3630,3638,2788,2107,1357,687,250,71740,1991
South Gloucestershire,13064,11902,10580,9409,7215,5747,3833,1823,665,220303,1991
South Hams,4315,4268,4547,4711,3894,3369,2244,1152,485,77551,1991
South Holland,4033,4059,4372,4336,3357,2643,1683,800,267,67252,1991
South Kesteven,5885,5372,5489,5706,4554,3394,2272,1073,397,108912,1991
South Lakeland,5772,5488,5959,5807,4867,4267,2878,1606,588,96912,1991
South Norfolk,6208,5743,5603,5710,4734,3962,2589,1233,489,102583,1991
South Northamptonshire,3744,3385,3054,2911,2423,2032,1341,657,232,70651,1991
South Oxfordshire,7225,6455,5734,5360,4186,3617,2503,1197,527,119497,1991
South Ribble,5878,5098,5088,4816,3573,2959,1806,834,286,102004,1991
South Somerset,7455,7301,7875,8152,6790,5799,3767,1838,755,141676,1991
South Staffordshire,6822,5796,5365,4551,3243,2544,1606,888,323,105490,1991
South Tyneside,8608,8788,9306,9360,7139,4838,3066,1535,586,154719,1991
Southampton,9709,9489,9931,9957,8267,6760,4466,2181,860,196858,1991
Southend-on-Sea,7584,7659,8273,8790,7995,7357,5261,2731,1149,158531,1991
Southwark,10092,9847,10233,10195,7634,6606,4016,1767,714,218530,1991
Spelthorne,5507,5243,5038,4454,3290,2760,1703,808,343,86916,1991
St Albans,7464,6900,6344,5633,4393,3733,2600,1263,539,126215,1991
St Edmundsbury,5325,4467,4343,4334,3722,3023,1973,945,414,91696,1991
St. Helens,10451,9797,9330,8949,6884,5273,3296,1566,536,178751,1991
Stafford,7214,6307,6270,5777,4499,3815,2524,1099,448,117780,1991
Staffordshire Moorlands,5804,5381,5261,4980,3833,2895,1912,993,313,95444,1991
Stevenage,3781,3801,3772,3198,2349,1747,1058,500,169,75125,1991
Stockport,16418,15218,15004,14053,10952,9166,6406,3059,1122,284418,1991
Stockton-on-Tees,9445,9168,9117,8316,5789,4307,2642,1226,487,173893,1991
Stoke-on-Trent,12842,12517,13619,13641,10303,7948,4801,2141,703,244646,1991
Stratford-on-Avon,6658,5969,5888,5617,4555,3827,2564,1265,456,105574,1991
Stroud,5916,5444,5427,5399,4382,3683,2598,1284,485,103644,1991
Suffolk Coastal,5586,5573,6084,5924,5288,4428,2965,1565,645,108025,1991
Sunderland,15829,15712,15896,14428,10565,8135,5144,2496,954,289079,1991
Surrey Heath,4909,4426,3433,2742,2045,1690,1207,631,261,79061,1991
Sutton,8961,8413,8147,7664,6221,5754,4283,2167,857,168880,1991
Swale,6212,5643,5636,5266,4447,3556,2249,1156,423,115761,1991
Swansea,12515,12475,12466,12417,10329,8190,5291,2481,963,223194,1991
Swindon,8658,8201,7997,7750,5554,4324,2744,1423,583,170846,1991
Tameside,11752,10553,10465,10631,8627,6959,4510,1993,709,216440,1991
Tamworth,3435,2840,2629,2433,1785,1372,791,349,121,70052,1991
Tandridge,4562,4333,4337,3737,3091,2677,1846,958,401,76311,1991
Taunton Deane,4973,4975,5314,5312,4362,3646,2560,1250,575,93696,1991
Teignbridge,5950,5941,6613,7018,5902,5140,3696,1914,915,108223,1991
Telford and Wrekin,7715,6448,6093,5636,4390,3543,2144,1036,357,139564,1991
Tendring,6466,6693,7873,9559,8502,7325,5085,2564,1003,125832,1991
Test Valley,5826,5127,4679,4249,3653,2888,2014,952,355,101398,1991
Tewkesbury,4365,3756,3800,3777,3056,2393,1565,736,271,70697,1991
Thanet,6231,6006,7207,8379,7552,6533,4445,2332,987,123695,1991
Three Rivers,4591,4403,4214,3943,3264,2736,1808,853,336,78452,1991
Thurrock,6353,5895,6057,6299,4376,3093,1848,878,335,127824,1991
Tonbridge and Malling,6132,5633,4918,4346,3510,2773,1878,937,378,101718,1991
Torbay,6604,6496,6813,7566,6870,6558,4896,2645,1076,119661,1991
Torfaen,4804,4817,4775,4794,3860,2640,1713,811,305,90550,1991
Torridge,2938,2925,3133,3178,2503,2201,1474,751,302,52126,1991
Tower Hamlets,7579,7491,7948,7051,5057,4207,2686,1260,503,161050,1991
Trafford,12060,11308,11025,10548,8405,6926,4762,2299,982,212731,1991
Tunbridge Wells,5603,5228,4991,4585,3961,3414,2650,1568,681,99569,1991
Uttlesford,3812,3397,3192,2691,2257,2000,1358,701,248,65433,1991
Vale of Glamorgan,6555,5864,6067,6109,4770,3693,2318,1287,533,116903,1991
Vale of White Horse,6337,5804,5294,4760,3819,3082,2128,1011,372,109871,1991
Wakefield,17353,16052,15474,15519,11901,9200,5610,2567,860,310919,1991
Walsall,15761,14800,14071,12636,9944,7586,4539,2136,701,259511,1991
Waltham Forest,10435,9370,8748,8404,7356,7046,4936,2523,907,212081,1991
Wandsworth,11745,10923,10342,10102,8448,7534,5265,2700,1120,252409,1991
Warrington,10683,9208,8778,8103,6560,5178,3349,1522,592,182659,1991
Warwick,6727,6110,6199,6092,4817,3868,2586,1273,601,116269,1991
Watford,3789,3617,3256,2962,2424,2217,1565,761,282,74540,1991
Waveney,5771,5640,6097,6706,5745,4860,3170,1592,572,106750,1991
Waverley,6766,6238,5735,5517,4770,4462,3268,1743,700,113202,1991
Wealden,7187,6911,6993,7376,6768,6223,4676,2382,937,130229,1991
Wellingborough,3599,3120,3221,3145,2493,2113,1361,642,271,67797,1991
Welwyn Hatfield,5221,5495,5509,4881,3784,3118,1952,882,369,92381,1991
West Berkshire,7385,6483,5896,5259,4225,3512,2402,1170,486,136763,1991
West Devon,2803,2589,2627,2650,2108,1900,1304,754,327,45896,1991
West Dorset,4696,4982,5489,5972,5097,4321,2955,1416,596,85464,1991
West Lancashire,6632,5861,5286,4849,3725,3028,1980,950,344,107970,1991
West Lindsey,4459,4334,4321,4126,3441,2547,1549,751,319,76224,1991
West Oxfordshire,4855,4385,4219,3983,3335,2602,1876,891,373,90250,1991
West Somerset,1755,1999,2170,2344,2015,1850,1252,627,251,31637,1991
Westminster,9831,9274,8812,7852,6577,5808,4039,2028,715,174825,1991
Weymouth and Portland,3140,3001,3195,3232,2739,2399,1656,790,363,61245,1991
Wigan,17654,15458,14248,14162,11586,8807,5412,2512,777,306522,1991
Wiltshire,21405,19946,19709,19388,16013,13379,9109,4425,1795,393621,1991
Winchester,5767,5276,5245,4760,4016,3414,2456,1264,558,96410,1991
Windsor and Maidenhead,8220,7297,6895,5980,4667,4003,2641,1327,602,132458,1991
Wirral,17997,17652,18104,17259,14150,12224,8053,3996,1632,330777,1991
Woking,4571,4418,3972,3683,2836,2532,1766,1015,376,86780,1991
Wokingham,8322,7148,5667,4419,3408,2820,1884,977,407,139159,1991
Wolverhampton,13226,12899,13619,12950,10015,7687,4746,2345,794,242187,1991
Worcester,4321,4128,3880,3988,3245,2654,1639,761,263,81765,1991
Worthing,4512,4358,5074,5839,5630,5824,4634,2759,1316,96171,1991
Wrexham,6635,6259,6409,6317,5194,4013,2623,1331,524,123371,1991
Wychavon,6154,5581,5510,5475,4287,3454,2151,1083,459,101705,1991
Wycombe,9295,8360,7254,6039,4666,4067,2850,1400,453,157920,1991
Wyre,6052,6164,6648,7052,5472,4453,3181,1589,578,101825,1991
Wyre Forest,5684,4921,4604,4568,3650,3013,1984,917,376,94792,1991
York,9344,8889,8874,8876,7054,5875,4172,2044,752,166777,1991
Adur,4281,3867,3313,3107,3150,2782,1988,1225,645,59627,2001
Allerdale,7503,6077,5443,4882,4358,3515,2424,1230,662,93492,2001
Amber Valley,9258,7731,6024,5281,4758,4178,2910,1542,802,116471,2001
Arun,9781,8950,8284,8361,8517,7813,5928,3857,2053,140759,2001
Ashfield,7821,7240,5781,4882,4282,3809,2604,1245,646,111387,2001
Ashford,7602,6353,5118,4648,4038,3510,2452,1361,608,102661,2001
Aylesbury Vale,12185,9586,7279,6481,5064,4392,2782,1666,909,165748,2001
Babergh,6829,5886,4621,4184,3829,3275,2212,1203,625,83461,2001
Barking and Dagenham,9365,7186,6160,5901,6204,5777,3378,1923,933,163944,2001
Barnet,19704,15272,12769,11732,11077,9188,6438,4596,2463,314564,2001
Barnsley,15335,13272,11286,10186,8960,7632,4782,2525,1223,218063,2001
Barrow-in-Furness,5244,4443,4047,3350,2906,2449,1936,955,419,71980,2001
Basildon,11741,9340,7751,7228,6362,5077,3268,1729,732,165668,2001
Basingstoke and Deane,11545,8959,6879,5715,4844,3800,2502,1423,702,152573,2001
Bassetlaw,8192,6998,5750,5091,4500,3624,2380,1283,618,107713,2001
Bath and North East Somerset,11948,9981,8302,7726,7375,6655,4432,2649,1322,169040,2001
Bedford,10321,8197,6787,6067,5581,4604,3052,1793,881,147911,2001
Bexley,14932,12174,10464,9593,8687,7350,4817,2823,1239,218307,2001
Birmingham,54048,45605,42270,38295,35582,30141,20873,11695,5370,977087,2001
Blaby,6845,5552,4669,4150,3546,2811,1716,973,451,90252,2001
Blackburn with Darwen,8561,6650,5856,5232,4612,3824,2515,1428,698,137470,2001
Blackpool,10006,9003,8484,7365,6867,5986,4095,2349,1195,142283,2001
Blaenau Gwent,4964,4420,3704,3302,2864,2610,1733,863,460,70064,2001
Bolsover,4907,4636,3709,3513,3155,2710,1793,895,391,71766,2001
Bolton,18276,15136,12667,10725,9670,8733,5322,3043,1445,261037,2001
Boston,4162,3734,3266,2962,2877,2254,1484,863,456,55750,2001
Bournemouth,10337,8903,7710,7562,7873,7591,5444,3647,2163,163444,2001
Bracknell Forest,7110,5277,4115,3524,2919,2475,1600,900,446,109617,2001
Bradford,29646,22190,20856,18953,17148,14401,8869,5474,2816,467665,2001
Braintree,10301,8006,6101,5281,4787,4159,2874,1735,921,132179,2001
Breckland,9074,7909,6978,6387,5693,4957,3350,1906,967,121418,2001
Brent,13683,11705,11191,9990,7664,5478,3696,2291,1118,263464,2001
Brentwood,5262,4359,3710,3528,3209,2605,1782,992,492,68456,2001
Bridgend,9129,7850,6891,6084,5283,4640,3000,1559,734,128645,2001
Brighton and Hove,14694,11690,10608,9786,9239,8605,6319,4235,2266,247817,2001
"Bristol, City of",22376,18285,15660,14039,13906,12762,8748,4913,2313,380615,2001
Broadland,9400,7949,7035,6378,5786,4601,3196,1872,1009,118513,2001
Bromley,21154,16775,13899,13103,12414,10394,7448,4262,2189,295532,2001
Bromsgrove,6898,6161,4914,4306,3805,3047,2106,1234,648,87837,2001
Broxbourne,6090,5063,4296,4055,3397,2533,1580,857,387,87054,2001
Broxtowe,8220,6680,5586,5042,4421,3682,2497,1376,594,107570,2001
Burnley,6330,4853,4166,3661,3358,2981,1893,1083,577,89542,2001
Bury,13225,10486,8982,7755,6575,5483,3567,2158,1116,180608,2001
Caerphilly,12123,10079,8578,7645,6461,5658,3550,1715,807,169519,2001
Calderdale,14293,11145,9244,7930,7390,6398,4444,2619,1221,192405,2001
Cambridge,5726,4798,3975,3489,3376,3064,2259,1464,709,108863,2001
Camden,10798,8515,6860,5811,5417,4461,2843,1760,925,198020,2001
Cannock Chase,6563,5546,4472,3769,3423,2707,1577,781,375,92126,2001
Canterbury,9143,8032,6912,6201,6207,5666,4141,2518,1273,135278,2001
Cardiff,18307,14114,12417,11773,10975,10173,6503,3472,1675,305353,2001
Carlisle,7287,5914,5414,5129,4545,3836,2437,1379,693,100739,2001
Carmarthenshire,12922,11657,9790,8989,8376,7504,4922,2661,1253,172842,2001
Castle Point,7485,6242,5045,4369,3707,3118,2022,1071,487,86608,2001
Central Bedfordshire,17447,13683,11019,9565,7964,6530,4074,2438,1044,233661,2001
Ceredigion,5696,4938,4304,3755,3344,3103,1975,1129,562,74941,2001
Charnwood,11058,8929,7113,6529,5869,4641,3030,1910,909,153462,2001
Chelmsford,11881,9567,7493,6670,5719,4634,3248,1880,833,157072,2001
Cheltenham,7043,5863,5023,4594,4509,4366,2929,1798,909,110013,2001
Cherwell,9173,7057,5794,4948,4471,3649,2517,1454,686,131785,2001
Cheshire East,27492,22985,19164,16725,14999,12328,8298,4764,2426,351817,2001
Cheshire West and Chester,23843,19822,17297,15094,13634,10960,7177,3949,1986,321971,2001
Chesterfield,7223,6066,4994,4531,4407,3968,2571,1369,626,98845,2001
Chichester,7918,7129,6290,6233,5944,5156,3657,2286,1235,106450,2001
Chiltern,7249,6171,4896,4511,3679,2932,2009,1196,698,89228,2001
Chorley,8192,6606,5179,4304,3398,2948,1896,1100,596,100449,2001
Christchurch,3097,2977,2894,3062,3179,3033,2158,1240,603,44865,2001
City of London,669,478,306,275,239,185,137,100,25,7184,2001
Colchester,11477,8943,7145,6174,5676,4758,3343,2046,953,155796,2001
Conwy,7791,7040,6702,6479,6122,5421,3635,2267,1376,109596,2001
Copeland,5167,4205,3919,3455,2975,2341,1531,727,360,69318,2001
Corby,3390,3012,2735,2274,1993,1614,891,437,163,53174,2001
Cornwall,40744,35719,29979,26797,24751,20956,14735,8607,4479,499114,2001
Cotswold,6397,5358,4291,4141,3921,3520,2395,1404,681,80376,2001
County Durham,36101,29846,26770,23973,21076,17364,10694,5685,2753,493469,2001
Coventry,17278,15329,13844,12262,11352,10107,6996,3627,1611,300848,2001
Craven,4330,3652,3093,2869,2630,2267,1573,998,519,53620,2001
Crawley,6105,4304,3673,4177,3859,3217,2063,968,374,99744,2001
Croydon,20678,16980,13742,12219,10320,8771,5893,3557,1841,330587,2001
Dacorum,9801,7590,6125,5775,5358,4505,2808,1623,743,137799,2001
Darlington,7077,5506,5133,4503,4192,3671,2304,1319,667,97838,2001
Dartford,5661,4533,4025,3600,3251,2543,1614,916,486,85911,2001
Daventry,5837,4740,3476,2845,2470,1962,1361,678,329,71838,2001
Denbighshire,7002,5807,5320,4703,4537,4104,2844,1711,914,93065,2001
Derby,13605,11624,10241,9706,9272,7850,4998,2796,1288,221708,2001
Derbyshire Dales,5980,5104,4069,3689,3117,2762,1893,1124,565,69469,2001
Doncaster,20158,16652,14694,13624,12434,10251,6000,3199,1433,286866,2001
Dover,7745,6612,5624,5265,4732,4130,3008,1663,854,104566,2001
Dudley,21786,19284,16898,14926,13318,10387,6961,3640,1611,305155,2001
Ealing,17056,13051,12186,10091,8165,7530,4667,2880,1345,300948,2001
East Cambridgeshire,5321,4573,3703,3490,3024,2471,1586,990,453,73214,2001
East Devon,9136,8782,8083,7823,8108,7410,5170,3372,1833,125520,2001
East Dorset,6754,6001,5215,5378,5256,4664,3266,1844,838,83786,2001
East Hampshire,8621,7067,5589,4780,4223,3475,2494,1519,830,109274,2001
East Hertfordshire,9571,7304,5826,5245,4371,3547,2350,1367,721,128919,2001
East Lindsey,10205,9820,8793,8272,7597,6060,3948,2066,1030,130447,2001
East Northamptonshire,6030,4693,3623,3135,2729,2361,1673,988,518,76550,2001
East Riding of Yorkshire,25648,21079,18291,16724,14570,11912,7768,4561,2300,314113,2001
East Staffordshire,7318,6143,5238,4768,4237,3358,2096,1234,631,103770,2001
Eastbourne,5697,4845,4584,4665,5054,4748,3743,2465,1493,89667,2001
Eastleigh,8506,6670,5459,4707,4369,3657,2412,1377,663,116169,2001
Eden,4071,3366,2972,2705,2416,1840,1218,693,423,49777,2001
Elmbridge,9085,7135,5671,5083,4656,4248,2999,1909,1068,121936,2001
Enfield,16659,13532,12088,10369,9276,7458,5281,3488,1833,273559,2001
Epping Forest,9223,7814,6074,5301,5221,4427,2917,1712,814,120896,2001
Epsom and Ewell,5345,4148,3326,2901,2684,2345,1675,1119,559,67059,2001
Erewash,7967,6781,5414,4893,4273,3663,2480,1399,718,110099,2001
Exeter,7005,5686,4973,4553,4276,3784,2666,1697,851,111076,2001
Fareham,8153,7008,5764,5449,4731,3848,2523,1466,782,107977,2001
Fenland,6102,5147,4549,4439,4144,3368,2147,1194,647,83519,2001
Flintshire,11424,9288,7997,6384,5635,4526,3047,1707,852,148594,2001
Folkestone and Hythe,7078,6010,5386,4799,4601,4199,2944,1820,944,96238,2001
Forest Heath,3484,2881,2431,2229,2022,1795,1215,714,296,55510,2001
Forest of Dean,6412,5382,4527,3913,3356,2958,1978,1098,532,79982,2001
Fylde,5343,4782,4231,4176,4221,3569,2480,1472,760,73217,2001
Gateshead,13357,10788,10555,9829,8742,6932,4346,2258,1037,191151,2001
Gedling,8618,7051,5857,5354,4740,4112,2467,1463,773,111787,2001
Gloucester,6954,5910,4850,4371,4271,3713,2245,1283,556,109885,2001
Gosport,4990,3984,3417,3436,3087,2523,1763,1027,534,76415,2001
Gravesham,6796,5685,4840,4407,3821,2899,1958,1065,501,95717,2001
Great Yarmouth,6879,6071,5182,4762,4437,3758,2652,1500,731,90810,2001
Greenwich,12051,9406,8406,7078,6726,6045,4384,2433,1108,214403,2001
Guildford,9212,7307,5982,5336,4935,3958,2807,1757,871,129701,2001
Gwynedd,8351,7630,6667,6018,5653,4708,3071,1824,929,116843,2001
Hackney,9365,7056,6639,5496,4908,3853,2459,1426,790,202824,2001
Halton,9037,6407,5486,4788,4297,3252,2153,1045,469,118208,2001
Hambleton,6845,5807,5040,4276,3753,3005,1989,1092,572,84111,2001
Hammersmith and Fulham,8378,6320,6123,4854,4264,3678,2441,1436,669,165242,2001
Harborough,6092,5041,3915,3463,2963,2494,1671,932,449,76559,2001
Haringey,10846,8453,7817,6802,5171,4041,2656,1646,859,216507,2001
Harlow,4632,3711,3357,3423,3309,2475,1421,671,281,78768,2001
Harrogate,11247,9227,8089,7000,6437,5295,3804,2445,1365,151336,2001
Harrow,13457,10930,9433,8275,7045,6067,4109,2957,1476,206814,2001
Hart,6651,5452,4219,3263,2598,2083,1399,817,476,83505,2001
Hartlepool,6102,4694,4664,4513,3747,2997,1842,866,414,88611,2001
Hastings,5995,4891,3989,3827,3475,3089,2508,1523,892,85029,2001
Havant,8388,7326,6488,6309,5877,4530,2924,1678,794,116849,2001
Havering,16398,12987,11162,10758,10440,8915,5343,2911,1306,224248,2001
"Herefordshire, County of",13292,11625,9988,9272,8348,7175,4834,2640,1314,174871,2001
Hertsmere,6734,5100,4162,3787,3697,3438,2420,1366,671,94450,2001
High Peak,6950,5488,4533,3820,3452,2769,2018,1166,587,89433,2001
Hillingdon,15129,11950,10570,9579,8333,6931,4709,2899,1320,243006,2001
Hinckley and Bosworth,8348,6520,5146,4534,4079,3414,2132,1280,603,100141,2001
Horsham,9489,7512,6019,5508,4928,4266,2919,1830,1019,122088,2001
Hounslow,12411,9421,8446,7207,5958,4981,3319,1966,937,212341,2001
Huntingdonshire,12085,9695,7482,5856,5134,4167,2816,1554,786,156954,2001
Hyndburn,5346,4580,4018,3278,3095,2655,1756,1054,453,81496,2001
Ipswich,7370,5910,5173,5081,4860,4196,2948,1717,858,117069,2001
Isle of Anglesey,5184,4746,4059,3549,3217,2567,1750,1016,504,66829,2001
Isle of Wight,10135,9629,7940,7429,7085,6460,4521,2741,1467,132731,2001
Isles of Scilly,189,159,128,106,117,77,56,30,17,2153,2001
Islington,8779,7116,6144,5328,4765,3786,2275,1241,593,175797,2001
Kensington and Chelsea,10798,8660,7026,5235,4924,3857,2893,1649,857,158919,2001
Kettering,6175,4989,3768,3287,3088,2795,1886,1092,564,81844,2001
King's Lynn and West Norfolk,10044,9025,8234,7918,7444,6229,3930,2240,1100,135345,2001
"Kingston upon Hull, City of",15481,11243,11104,10796,9472,7958,4958,2870,1283,243589,2001
Kingston upon Thames,9774,7140,5511,4859,4485,4187,3172,1986,995,147273,2001
Kirklees,27437,21629,17972,15554,14289,11952,8164,4564,2321,388567,2001
Knowsley,9175,7060,7416,7185,6499,4418,2438,1221,535,150459,2001
Lambeth,11534,8823,8476,7151,6326,5089,3331,1850,869,266169,2001
Lancaster,8926,7390,6595,6368,5841,4957,3411,2115,1136,133914,2001
Leeds,45661,36479,33157,30476,27250,22677,15579,8972,4604,715402,2001
Leicester,15161,11687,11129,9954,9279,8240,5488,3234,1652,279921,2001
Lewes,6863,5979,5122,5069,5009,4387,3305,2015,1024,92177,2001
Lewisham,12434,9653,8809,7478,6685,5650,4005,2369,1174,248922,2001
Lichfield,7651,7172,5675,4378,3608,2897,1920,1078,556,93232,2001
Lincoln,5241,4188,3673,3305,3248,2991,2140,991,502,85595,2001
Liverpool,26987,20453,20895,19805,17889,13541,8736,4925,2262,439473,2001
Luton,10886,8716,7874,7129,5613,4263,2751,1607,766,184371,2001
Maidstone,10985,8814,7226,6077,5283,4443,3080,1774,882,138948,2001
Maldon,5039,4236,3232,2746,2176,1731,1331,749,370,59418,2001
Malvern Hills,6017,5201,4421,4018,3542,3204,2208,1378,695,72172,2001
Manchester,19976,15912,15550,14062,12907,11405,7314,4319,1999,392819,2001
Mansfield,6723,5958,4986,4543,4089,3506,2263,1142,520,98181,2001
Medway,17476,13717,11173,9435,7950,6361,4458,2256,1067,249488,2001
Melton,3851,3066,2470,2119,1896,1680,1118,610,283,47866,2001
Mendip,8065,6556,5349,4696,4320,3923,2544,1611,832,103869,2001
Merthyr Tydfil,3942,3253,2941,2607,2285,2002,1264,606,282,55981,2001
Merton,11303,8293,7222,6511,5919,5084,3546,2149,1079,187908,2001
Mid Devon,5429,4741,3951,3507,3298,2631,1807,1151,593,69774,2001
Mid Suffolk,6805,5636,4723,4231,3782,3189,2166,1246,636,86837,2001
Mid Sussex,10019,8253,6239,5607,5157,4260,3014,2010,1108,127378,2001
Middlesbrough,8474,6514,6318,5963,5423,4287,2569,1285,586,134855,2001
Milton Keynes,14900,10258,7588,6043,5335,4526,2993,1606,773,207057,2001
Mole Valley,6245,5531,4437,4170,3602,3157,2172,1396,761,80287,2001
Monmouthshire,6796,5867,4772,4285,3805,3248,2138,1183,588,84885,2001
Neath Port Talbot,9719,8179,7204,6544,6249,5427,3594,1878,946,134468,2001
New Forest,12854,11356,9761,9533,9292,8319,5980,3484,1679,169331,2001
Newark and Sherwood,8097,7080,5753,5104,4678,3967,2611,1391,660,106273,2001
Newcastle upon Tyne,15554,11998,11663,11211,10478,8828,5969,3342,1542,259536,2001
Newcastle-under-Lyme,9095,7386,6404,5833,5299,4356,2927,1536,681,122030,2001
Newham,10977,8121,8083,6652,5386,4324,3093,1610,755,243891,2001
Newport,9289,7861,6753,6159,5630,4584,3339,1575,811,137011,2001
North Devon,6938,6160,5222,4800,4276,3678,2533,1565,798,87508,2001
North Dorset,4505,3934,3330,3162,3118,2620,1821,1120,499,61905,2001
North East Derbyshire,7805,6893,5584,4919,4419,3772,2484,1195,526,96940,2001
North East Lincolnshire,10891,8732,8153,7477,6463,5483,3645,2034,1013,157979,2001
North Hertfordshire,8375,6773,5643,5085,4395,3879,2672,1697,865,116908,2001
North Kesteven,6971,6282,5484,4911,4397,3635,2374,1246,567,94024,2001
North Lincolnshire,11537,9546,8209,7383,6567,5493,3513,1859,885,152849,2001
North Norfolk,7821,7377,6587,6748,6249,5187,3551,2200,1080,98382,2001
North Somerset,14885,12817,10428,9256,8494,8006,5469,3346,1812,188564,2001
North Tyneside,13724,10634,9883,9443,8933,7426,4800,2406,1276,191659,2001
North Warwickshire,4902,4241,3258,2766,2438,1877,1257,645,306,61860,2001
North West Leicestershire,6681,5689,4329,3736,3439,2994,2001,1045,432,85503,2001
Northampton,13234,10021,8022,7022,6609,5826,3845,2122,1091,194458,2001
Northumberland,24653,19877,17237,15751,13681,11491,7231,3972,1912,307190,2001
Norwich,7290,5748,5088,4881,4948,4643,3206,1785,972,121550,2001
Nottingham,13906,11281,10544,10323,9834,8504,5414,2993,1422,266988,2001
Nuneaton and Bedworth,8627,7534,5899,5205,4643,3701,2420,1183,525,119132,2001
Oadby and Wigston,3893,3214,2977,2787,2565,1984,1174,657,379,55795,2001
Oldham,14962,12239,10819,8741,7612,6598,4373,2521,1187,217273,2001
Oxford,6825,5426,4781,4412,4221,3812,2565,1663,791,134248,2001
Pembrokeshire,8772,7757,6969,6325,5610,4519,3071,1617,767,114131,2001
Pendle,6201,4831,4085,3718,3397,2983,1905,1099,626,89248,2001
Peterborough,10296,8012,6807,6362,5674,4626,3070,1605,779,156061,2001
Plymouth,16050,13567,11622,10508,9403,8095,5683,3198,1587,240720,2001
Poole,9922,8439,7287,6938,6832,6045,4299,2594,1346,138288,2001
Portsmouth,10577,9116,7715,7124,6627,6244,4779,2635,1264,186701,2001
Powys,9939,8871,7279,6859,6197,5578,3578,1976,1017,126354,2001
Preston,8154,6350,5894,5487,4765,4027,2595,1351,724,129633,2001
Purbeck,3497,3230,2610,2588,2421,2011,1414,813,422,44416,2001
Reading,7944,6341,5464,4757,4484,3749,2566,1672,754,143096,2001
Redbridge,15467,12266,9860,9092,8067,6873,5071,2950,1450,238635,2001
Redcar and Cleveland,10323,8648,8014,6700,6018,5009,3185,1632,723,139132,2001
Redditch,6115,4589,3181,2646,2505,2019,1425,715,326,78807,2001
Reigate and Banstead,9668,7282,5825,5295,4934,4243,3135,1914,1071,126523,2001
Rhondda Cynon Taff,16411,13751,11679,10612,9399,8425,5367,2708,1221,231946,2001
Ribble Valley,4325,3672,3067,2748,2229,1929,1213,740,430,53960,2001
Richmond upon Thames,12388,9289,6760,5845,5444,5067,3730,2409,1181,172335,2001
Richmondshire,3290,2802,2437,2091,1813,1405,981,583,283,47010,2001
Rochdale,14438,10861,9362,8245,7756,6288,3855,2164,1101,205357,2001
Rochford,6210,5115,4341,3973,3480,2879,1850,1082,440,78489,2001
Rossendale,5025,3870,3046,2672,2424,2041,1236,735,334,65652,2001
Rother,6444,5681,5437,5579,5564,5339,3984,2436,1485,85428,2001
Rotherham,17666,14992,12995,11318,9724,8190,5341,2837,1247,248175,2001
Rugby,6322,5840,4543,3785,3487,2955,2113,1171,539,87453,2001
Runnymede,5243,4493,3589,3381,3057,2677,1804,1136,522,78033,2001
Rushcliffe,8053,6510,5137,4749,4219,3600,2343,1443,766,105599,2001
Rushmoor,5698,4181,3415,2984,2604,2193,1469,877,419,90987,2001
Rutland,2648,2322,1956,1677,1426,1190,739,475,250,34563,2001
Ryedale,4091,3629,3187,2893,2614,2101,1454,885,442,50872,2001
Salford,13942,11332,10521,10180,8384,7365,5255,2634,1302,216103,2001
Sandwell,17070,15334,14242,12981,11880,9922,6933,3363,1492,282904,2001
Scarborough,8534,7042,6503,5890,5549,4896,3294,2029,1090,106243,2001
Sedgemoor,8255,6923,5897,5280,5211,4391,2852,1691,832,105881,2001
Sefton,19457,16384,16002,15189,13698,10955,7289,4186,2223,282958,2001
Selby,6162,4832,3734,3289,2792,2369,1476,899,438,76468,2001
Sevenoaks,8849,7148,5887,5357,4726,3743,2614,1532,829,109305,2001
Sheffield,32281,28249,25181,22609,20325,17614,12869,7206,3433,513234,2001
Shropshire,21332,19156,16154,14169,12931,10820,7063,4100,2111,283173,2001
Slough,6555,4969,4196,3922,3741,2926,1862,1000,446,119067,2001
Solihull,15401,13272,10264,9375,8937,7158,4528,2432,1153,199517,2001
South Bucks,4832,4141,3575,3109,2685,2156,1449,950,499,61945,2001
South Cambridgeshire,10333,8197,6285,5306,4767,3891,2706,1665,827,130108,2001
South Derbyshire,6204,4983,3902,3367,3029,2557,1631,870,405,81562,2001
South Gloucestershire,17246,15125,12174,10811,8984,7124,4560,2564,1283,245641,2001
South Hams,6869,5944,4819,4470,4153,3553,2480,1570,823,81849,2001
South Holland,5925,5195,4835,4803,4426,3491,2105,1176,567,76522,2001
South Kesteven,9538,7938,6242,5561,5167,4589,2937,1549,731,124792,2001
South Lakeland,8241,7138,6371,5734,5382,4458,3091,1856,1020,102301,2001
South Norfolk,9138,7898,6551,5905,5287,4550,2999,1749,868,110710,2001
South Northamptonshire,6603,5250,3772,3179,2746,2184,1527,858,448,79293,2001
South Oxfordshire,9400,8031,6439,5529,4712,4017,2765,1665,891,128188,2001
South Ribble,8024,6509,5510,4711,4167,3429,2097,1199,565,103867,2001
South Somerset,11407,9681,8199,7605,7442,6404,4319,2531,1309,150969,2001
South Staffordshire,8518,7627,6342,5222,4376,3346,2106,1179,598,105896,2001
South Tyneside,10311,7948,8044,7618,7200,6097,3784,1729,818,152785,2001
Southampton,12297,10597,8558,7863,7696,7058,5061,2712,1240,217445,2001
Southend-on-Sea,10811,9144,7476,7228,7163,6566,4912,3167,1706,160257,2001
Southwark,11195,8669,8323,7258,6378,5560,3382,1900,877,244866,2001
Spelthorne,6250,5368,4745,4325,3904,3169,1986,1150,523,90390,2001
St Albans,9294,7335,5959,5396,4873,4034,2631,1508,789,129005,2001
St Edmundsbury,7433,6377,5370,4389,3897,3313,2415,1302,635,98193,2001
St. Helens,13167,10703,9692,8454,7088,5775,3550,1878,836,176843,2001
Stafford,9400,8382,6771,5702,5178,4211,2840,1633,811,120670,2001
Staffordshire Moorlands,7867,6830,5527,4820,4214,3460,2276,1156,536,94489,2001
Stevenage,4730,3832,3321,3299,2984,2331,1393,716,327,79715,2001
Stockport,20732,16642,14861,13157,11937,9854,6415,3824,1824,284528,2001
Stockton-on-Tees,12643,9650,8673,8173,6968,5510,3386,1688,768,178408,2001
Stoke-on-Trent,16212,13629,11428,10589,10112,8803,5462,2852,1283,240636,2001
Stratford-on-Avon,9157,8212,6685,5645,5035,4105,2802,1756,865,111484,2001
Stroud,8614,7063,5671,4974,4608,4056,2737,1724,902,107898,2001
Suffolk Coastal,8957,7507,6480,6283,5888,4995,3568,2158,1078,115141,2001
Sunderland,19463,14845,14378,13529,11881,8983,5320,2744,1319,280807,2001
Surrey Heath,6189,5085,4034,3547,2692,2044,1387,848,450,80314,2001
Sutton,11764,9184,7530,6874,6323,5463,3783,2465,1230,179768,2001
Swale,9251,7541,6178,5262,4728,3786,2555,1392,669,122801,2001
Swansea,15807,13000,11744,11079,10123,8731,6031,3264,1575,223301,2001
Swindon,11450,9195,7944,7191,6412,5428,3193,1761,850,180051,2001
Tameside,15117,12126,10507,8819,7850,6821,4603,2554,1183,213043,2001
Tamworth,5572,4203,3274,2497,2201,1753,1083,546,253,74532,2001
Tandridge,6169,5181,3944,3538,3273,2680,1977,1220,620,79267,2001
Taunton Deane,7612,6117,5139,4986,4901,4208,2901,1722,908,102299,2001
Teignbridge,9291,8140,6850,6695,6361,5772,4019,2368,1299,120958,2001
Telford and Wrekin,11126,8960,7454,5872,4958,4045,2649,1472,630,158325,2001
Tendring,9829,9139,9037,8785,8638,7930,5631,3401,1673,138539,2001
Test Valley,8569,7165,5422,4643,4052,3300,2374,1357,763,109801,2001
Tewkesbury,5799,5096,4251,3636,3317,2911,2019,1158,534,76405,2001
Thanet,8894,7795,6819,6488,6597,6243,4373,2525,1342,126702,2001
Three Rivers,6288,4785,3929,3762,3267,2793,2004,1217,640,82848,2001
Thurrock,10078,7683,6004,5111,4864,4453,2471,1212,568,143128,2001
Tonbridge and Malling,8075,6700,5490,5046,4064,3172,2144,1199,584,107561,2001
Torbay,9364,8788,7708,7085,6742,6052,4615,3038,1828,129706,2001
Torfaen,6525,5513,4528,4402,3889,3443,2100,992,467,90949,2001
Torridge,4841,4347,3732,3344,2974,2505,1634,1029,546,58965,2001
Tower Hamlets,7306,5899,6362,5466,5107,3889,2253,1158,486,196106,2001
Trafford,14429,11422,10261,9461,8432,7149,5042,2686,1333,210145,2001
Tunbridge Wells,7913,6174,5158,4588,4029,3382,2485,1519,905,104030,2001
Uttlesford,5685,4569,3482,2958,2625,2027,1516,914,493,68946,2001
Vale of Glamorgan,8839,7321,6175,5294,4957,4425,2922,1585,833,119292,2001
Vale of White Horse,8681,7042,5684,5057,4391,3657,2599,1401,720,115627,2001
Wakefield,22558,18417,15774,14109,12266,10563,6693,3487,1514,315172,2001
Walsall,16415,14979,13822,12443,10768,8386,5341,2835,1238,253499,2001
Waltham Forest,11530,9470,8404,7103,5991,5182,3673,2376,1201,218341,2001
Wandsworth,11877,9310,8752,7474,6424,5658,3954,2386,1261,260380,2001
Warrington,13607,11253,9798,7941,6883,5606,3710,1964,935,191080,2001
Warwick,8921,7638,6107,5397,5140,4491,3005,1750,859,125931,2001
Watford,4782,3875,3254,2852,2590,2178,1490,936,506,79726,2001
Waveney,8264,7242,6382,6245,5808,5346,3653,2165,1024,112342,2001
Waverley,9116,7617,5905,5359,4556,4102,3147,2130,1100,115665,2001
Wealden,11059,9761,8024,7584,7027,6041,4570,2886,1468,140023,2001
Wellingborough,5481,4442,3554,2917,2796,2282,1524,828,389,72519,2001
Welwyn Hatfield,6155,5132,4476,4644,4267,3466,2339,1415,606,97553,2001
West Berkshire,10984,8756,6593,5605,4741,3855,2656,1518,783,144483,2001
West Devon,4106,3766,3024,2656,2332,1982,1348,888,472,48843,2001
West Dorset,6909,6389,5645,5743,5509,4824,3461,2031,1035,92360,2001
West Lancashire,8358,7132,6233,5314,4239,3311,2170,1272,618,108378,2001
West Lindsey,6320,5682,4621,4165,3752,2956,2036,1070,519,79515,2001
West Oxfordshire,7130,5863,4751,4123,3827,3194,2157,1318,688,95640,2001
West Somerset,2707,2542,2447,2364,2226,1958,1395,892,426,35075,2001
Westminster,10956,8946,7333,6388,5688,4542,3060,1851,882,181286,2001
Weymouth and Portland,4701,4245,3461,3122,2969,2577,1871,1181,593,63648,2001
Wigan,22432,19532,15939,13310,10708,9060,6031,3068,1259,301415,2001
Wiltshire,31453,25865,21770,19372,17654,14992,10184,5978,3059,432973,2001
Winchester,8266,6741,5331,4844,4476,3696,2723,1703,959,107222,2001
Windsor and Maidenhead,9989,8013,6620,5810,5133,4233,2773,1723,860,133626,2001
Wirral,22808,18575,16384,15458,14384,11830,7906,4760,2236,312293,2001
Woking,6202,4888,3942,3642,3152,2738,1797,1136,636,89840,2001
Wokingham,11570,9054,6965,5847,4455,3277,2276,1346,716,150229,2001
Wolverhampton,14474,12515,11742,11129,10381,8532,5600,2967,1376,236582,2001
Worcester,6122,5004,4118,3780,3220,2900,1944,1069,473,93353,2001
Worthing,6413,5363,4748,4619,4859,4820,3782,2785,1739,97568,2001
Wrexham,9414,7900,6451,5612,5121,4433,2939,1669,831,128476,2001
Wychavon,9212,7858,6332,5543,5036,4216,2718,1572,731,112957,2001
Wycombe,11546,9586,7739,6674,5527,4377,2970,1928,1034,162105,2001
Wyre,7611,6737,6593,6412,6002,5146,3144,1792,925,105618,2001
Wyre Forest,8083,7118,5595,4555,3887,3390,2274,1338,651,96981,2001
York,12621,9953,8901,8230,7574,6657,4375,2459,1265,181094,2001
Adur,4003,3679,4301,3658,3057,2602,2082,1348,687,61182,2011
Allerdale,6982,6529,7604,5912,4944,3847,2775,1687,868,96422,2011
Amber Valley,8512,7958,9179,7219,5277,4158,3074,1981,1070,122309,2011
Arun,9404,9080,11359,10264,8971,7558,6037,4116,2382,149518,2011
Ashfield,8009,7172,7580,6547,5030,3698,2542,1623,798,119497,2011
Ashford,7471,6749,7679,6195,4614,3697,2729,1792,941,117956,2011
Aylesbury Vale,12564,10464,10741,7930,6279,4901,3575,2173,1178,174137,2011
Babergh,5900,5843,6986,5695,4315,3491,2705,1660,890,87740,2011
Barking and Dagenham,10012,7727,6799,4950,4326,3779,3203,2102,961,185911,2011
Barnet,20848,17549,16912,13326,10397,9034,7000,4785,2890,356386,2011
Barnsley,16204,14330,14843,12346,9734,7708,5542,3279,1401,231221,2011
Barrow-in-Furness,4748,4310,4811,3978,3284,2382,1736,984,591,69087,2011
Basildon,11571,9732,10497,7892,6593,5713,4155,2375,1160,174497,2011
Basingstoke and Deane,11439,9543,10189,7700,5747,4583,3223,1945,953,167799,2011
Bassetlaw,7994,7356,8088,6508,5036,3962,2880,1721,834,112863,2011
Bath and North East Somerset,11115,10134,10802,8803,7125,6041,4940,3249,1659,176016,2011
Bedford,10206,8917,9303,7045,5716,4900,3780,2297,1130,157479,2011
Bexley,15495,12439,12795,9916,8779,7481,5927,3403,1706,231997,2011
Birmingham,57698,50219,46435,37543,32559,27902,21141,12656,6412,1073045,2011
Blaby,6492,5646,6357,5026,4073,3260,2397,1447,672,93915,2011
Blackburn with Darwen,8934,7882,7884,5689,4667,3659,2701,1547,798,147489,2011
Blackpool,9654,8415,9415,7729,6624,5238,3910,2431,1307,142065,2011
Blaenau Gwent,4636,4094,4619,3913,3052,2422,1593,993,504,69814,2011
Bolsover,5173,4611,5032,4354,3183,2601,1904,1136,606,75866,2011
Bolton,17565,15344,16845,13034,10519,7931,5728,3652,1676,276786,2011
Boston,4208,4074,4395,3735,3038,2422,1922,1096,529,64637,2011
Bournemouth,10361,9285,10190,8048,6613,6149,5355,3834,2312,183491,2011
Bracknell Forest,7911,6347,5833,4213,3307,2789,1953,1247,638,113205,2011
Bradford,31493,27588,26760,18570,16918,13917,10383,6493,3111,522452,2011
Braintree,9673,9048,9967,7418,5615,4376,3496,2258,1250,147084,2011
Breckland,8255,7913,9771,8088,6719,5426,4043,2544,1318,130491,2011
Brent,18473,14443,12268,9580,8364,6684,4453,2408,1187,311215,2011
Brentwood,5147,4354,4759,3701,3192,2786,2180,1453,737,73601,2011
Bridgend,9366,8521,9135,7518,6251,4761,3284,2054,986,139178,2011
Brighton and Hove,15345,12638,12714,9535,7925,6676,5572,3758,2226,273369,2011
"Bristol, City of",23319,20392,20078,15222,12503,10697,8538,5798,3114,428234,2011
Broadland,8640,8171,9707,7931,6533,5413,4108,2499,1332,124646,2011
Bromley,20684,17049,18492,14177,11593,10224,8228,5086,2729,309392,2011
Bromsgrove,6678,6226,6457,5503,4332,3673,2862,1771,994,93637,2011
Broxbourne,6129,5048,5349,4324,3721,3136,2300,1246,569,93609,2011
Broxtowe,7489,6686,7548,5930,4803,3858,2846,1771,890,109487,2011
Burnley,5804,5239,5841,4225,3370,2622,1984,1276,657,87059,2011
Bury,12337,10581,11712,8968,7324,5616,4007,2397,1228,185060,2011
Caerphilly,11790,10832,11815,9276,7414,5706,3761,2332,1076,178806,2011
Calderdale,14195,12401,13344,9848,7745,5956,4629,2831,1463,203826,2011
Cambridge,5908,5357,4973,3832,3045,2722,2306,1682,1014,123867,2011
Camden,10958,9362,9255,7306,5631,4442,3455,2048,1095,220338,2011
Cannock Chase,6387,5783,6109,5044,3860,2821,2145,1227,560,97462,2011
Canterbury,8727,8387,9656,7950,6391,5198,4342,2921,1643,151145,2011
Cardiff,20231,17337,16498,12204,10501,9043,6906,4703,2195,346090,2011
Carlisle,7813,6764,7247,5665,4721,3908,2919,1782,902,107524,2011
Carmarthenshire,12528,12242,13348,11419,8924,7273,5378,3449,1733,183777,2011
Castle Point,5918,5642,7136,5799,4686,3666,2536,1532,782,88011,2011
Central Bedfordshire,18150,15504,16292,12435,9510,7825,5407,3175,1537,254381,2011
Ceredigion,4841,4884,5574,4724,3694,2957,2194,1406,730,75922,2011
Charnwood,10507,9650,10333,8064,6287,5219,4036,2372,1284,166100,2011
Chelmsford,11157,10047,10972,8239,6469,5446,4092,2495,1277,168310,2011
Cheltenham,7051,6263,6385,5090,4321,3628,2964,2161,1165,115732,2011
Cherwell,9284,8088,8441,6316,5230,4205,3129,1851,968,141868,2011
Cheshire East,26124,23275,26443,21074,16877,13485,10248,6347,3341,370127,2011
Cheshire West and Chester,22851,20573,22686,17832,14950,11683,8704,5215,2716,329608,2011
Chesterfield,7207,6453,6956,5652,4453,3565,2843,1918,860,103788,2011
Chichester,7795,7179,8550,7551,6219,5515,4317,2761,1531,113794,2011
Chiltern,7072,5792,6264,5130,4202,3581,2560,1635,860,92635,2011
Chorley,7357,6689,7665,5944,4437,3246,2174,1407,754,107155,2011
Christchurch,2935,2775,3721,3514,3029,2802,2348,1620,874,47752,2011
City of London,471,476,463,329,258,185,146,75,42,7375,2011
Colchester,10488,9399,10842,8200,6243,5216,3931,2398,1320,173074,2011
Conwy,7939,7333,8844,7604,6362,5558,4363,2729,1546,115228,2011
Copeland,5342,4660,5227,4018,3425,2625,1789,1019,478,70603,2011
Corby,4079,3528,3201,2619,2105,1622,1110,634,222,61255,2011
Cornwall,36853,35543,42611,35224,26543,21397,16349,10218,5510,532273,2011
Cotswold,6182,5783,6379,5280,4146,3492,2789,1816,966,82881,2011
County Durham,35713,32950,35395,27874,23009,17850,12785,7321,3506,513242,2011
Coventry,17807,15378,15356,13208,10807,8750,6793,4404,2288,316960,2011
Craven,4174,3979,4446,3687,2818,2375,1841,1242,647,55409,2011
Crawley,6689,5469,5162,3407,2860,2703,2451,1421,626,106597,2011
Croydon,23071,18889,17029,12587,10568,8920,6398,3881,2021,363378,2011
Dacorum,10211,8742,8374,6274,5036,4618,3580,2267,1108,144847,2011
Darlington,7258,6308,6685,5205,4512,3526,2646,1740,810,105564,2011
Dartford,6132,5064,5093,3890,3208,2843,2134,1240,637,97365,2011
Daventry,5737,5138,5715,4394,3131,2338,1724,1042,548,77843,2011
Denbighshire,6223,5965,7159,5791,4794,3709,2813,1656,927,93734,2011
Derby,14612,12376,12586,10169,8715,7568,5972,3564,1681,248752,2011
Derbyshire Dales,5357,5185,6075,4826,3680,2969,2165,1438,749,71116,2011
Doncaster,20928,18364,18847,14737,12372,10174,7486,4346,2026,302402,2011
Dover,7751,7290,8224,6725,5196,4149,3254,2022,1171,111674,2011
Dudley,19583,18389,19547,17255,14247,11379,8418,4673,2225,312925,2011
Ealing,19007,16619,14196,10387,9032,7268,4884,3023,1633,338449,2011
East Cambridgeshire,5478,4924,5469,4239,3301,2735,2132,1244,656,83818,2011
East Devon,8684,8804,10907,9857,8269,6954,5923,4043,2300,132457,2011
East Dorset,6083,5796,7355,6300,5509,4811,3866,2526,1307,87166,2011
East Hampshire,8772,7553,8236,6647,5159,4122,3191,2045,1139,115608,2011
East Hertfordshire,9780,7993,8346,6236,4971,4204,3044,1824,974,137687,2011
East Lindsey,9447,9570,12310,11212,8737,6683,4753,2703,1351,136401,2011
East Northamptonshire,5858,5385,6244,4614,3421,2626,1963,1280,701,86765,2011
East Riding of Yorkshire,23938,22412,27070,21068,17648,13951,9769,5947,3072,334179,2011
East Staffordshire,7780,6630,6995,5740,4629,3713,2729,1554,766,113583,2011
Eastbourne,6008,5544,6639,5350,4735,4223,3797,2586,1612,99412,2011
Eastleigh,8843,7647,8074,5980,4951,3974,3136,1838,952,125199,2011
Eden,3869,3744,4343,3480,2808,2143,1660,978,460,52564,2011
Elmbridge,9006,7419,7668,5818,4722,4043,3273,2344,1318,130875,2011
Enfield,18969,14988,13652,11164,9228,7620,5539,3449,1833,312466,2011
Epping Forest,8625,7619,8295,6426,5038,4274,3469,2178,1165,124659,2011
Epsom and Ewell,4972,4274,4766,3502,2872,2416,1851,1249,685,75102,2011
Erewash,7498,6644,7211,5954,4703,3947,2757,1714,921,112081,2011
Exeter,6683,5890,6147,4750,3997,3427,3009,2011,1075,117773,2011
Fareham,8053,6961,7836,6577,5244,4491,3387,2024,1053,111581,2011
Fenland,6221,6112,6616,5523,4572,3779,2919,1690,836,95262,2011
Flintshire,10113,9504,11029,8455,6844,4929,3455,2060,1093,152506,2011
Folkestone and Hythe,7166,6616,8142,6418,5175,4124,3289,2141,1268,107969,2011
Forest Heath,3408,3081,3582,2756,2307,1882,1450,909,390,59748,2011
Forest of Dean,5932,5700,6381,5290,4090,3138,2236,1455,777,81961,2011
Fylde,5548,4916,5695,5012,4118,3569,2947,1771,926,75757,2011
Gateshead,13790,11672,12596,9646,8962,7293,5119,2897,1328,200214,2011
Gedling,8005,7290,7755,6024,5090,4133,3042,1891,836,113543,2011
Gloucester,7997,6589,6585,5324,4152,3360,2732,1708,789,121688,2011
Gosport,5688,4603,5172,3948,3255,2858,2054,1327,664,82622,2011
Gravesham,6437,5568,5874,4631,3886,3350,2375,1348,700,101720,2011
Great Yarmouth,6162,6061,7228,6111,4746,3861,2951,1812,890,97277,2011
Greenwich,14052,11083,10172,7495,6180,4939,3753,2452,1297,254557,2011
Guildford,8779,7652,7931,5966,4892,4134,3195,2020,1186,137183,2011
Gwynedd,7864,7323,8533,7391,5739,4802,3763,2278,1167,121874,2011
Hackney,11525,8856,7271,5303,4370,3430,2345,1324,623,246270,2011
Halton,8768,8144,8508,5765,4605,3600,2532,1349,630,125746,2011
Hambleton,6466,6102,6887,5748,4709,3647,2720,1599,818,89140,2011
Hammersmith and Fulham,8703,7131,6677,5011,4091,3035,2265,1297,714,182493,2011
Harborough,6179,5650,6061,4829,3641,2872,2147,1389,713,85382,2011
Haringey,13416,10613,9243,6680,5895,4506,2867,1576,845,254926,2011
Harlow,5442,4633,4143,3136,2777,2644,2139,1085,524,81944,2011
Harrogate,11307,9850,10674,8694,7202,5889,4493,2927,1689,157869,2011
Harrow,15157,13084,12010,9372,8048,6726,4933,2982,1606,239056,2011
Hart,6316,5354,5881,4732,3692,2782,1970,1209,633,91033,2011
Hartlepool,6464,5595,5837,4236,3938,3327,2241,1323,533,92028,2011
Hastings,6109,5395,6092,4525,3424,2824,2212,1515,901,90254,2011
Havant,8485,7517,8196,7011,5854,5147,3987,2254,1172,120684,2011
Havering,16520,13674,14561,11053,9508,8719,6941,4196,1860,237232,2011
"Herefordshire, County of",12677,12261,13604,11418,9078,7559,5637,3535,1789,183477,2011
Hertsmere,6690,5680,5778,4475,3523,3096,2578,1748,908,100031,2011
High Peak,6758,5979,6431,4945,3697,2905,2154,1262,706,90892,2011
Hillingdon,16567,13525,12786,9635,8426,7246,5179,3036,1656,273936,2011
Hinckley and Bosworth,7316,6966,7910,6027,4547,3543,2773,1674,769,105078,2011
Horsham,9784,8353,9109,7279,5851,4903,3814,2356,1367,131301,2011
Hounslow,14502,12205,10845,7916,6676,5297,3685,2220,1065,253957,2011
Huntingdonshire,11759,10325,11402,8875,6614,4890,3567,2186,1168,169508,2011
Hyndburn,5057,4569,5054,4020,3053,2385,1798,1043,510,80734,2011
Ipswich,8184,7223,7137,5239,4362,3880,3231,2011,1107,133384,2011
Isle of Anglesey,4817,4622,5461,4759,3815,2847,2199,1249,777,69751,2011
Isle of Wight,9307,9207,10994,9742,7370,6048,4724,3257,1813,138265,2011
Isles of Scilly,155,142,172,164,107,81,84,37,33,2203,2011
Islington,10173,7901,7228,5395,4490,3478,2542,1443,688,206125,2011
Kensington and Chelsea,9475,7686,8176,6271,4657,3262,2458,1539,928,158649,2011
Kettering,5870,5448,6214,4687,3418,2700,2069,1384,736,93475,2011
King's Lynn and West Norfolk,9453,9232,11253,9715,8078,6618,4966,3016,1448,147451,2011
"Kingston upon Hull, City of",15949,13746,13844,9635,8666,7322,5466,3166,1476,256406,2011
Kingston upon Thames,9504,7972,7982,5694,4547,3753,3022,2136,1206,160060,2011
Kirklees,26926,24001,25845,19323,15712,12091,9001,5316,2707,422458,2011
Knowsley,10986,8984,8209,6164,5780,5147,3559,1688,676,145893,2011
Lambeth,15601,11372,9012,6623,5994,4438,3287,1936,909,303086,2011
Lancaster,8659,7850,8735,7186,6070,4922,3650,2348,1189,138375,2011
Leeds,44050,38294,40178,30220,26235,22229,16332,9600,4982,751485,2011
Leicester,18953,16501,14056,9977,8911,7321,5615,3605,1787,329839,2011
Lewes,6652,6391,7214,5981,4908,4271,3460,2232,1302,97502,2011
Lewisham,15750,11523,9789,7284,6357,5113,3900,2271,1210,275885,2011
Lichfield,6782,6459,7525,6893,5061,3570,2460,1481,789,100654,2011
Lincoln,5384,4746,4874,3709,3004,2472,2075,1335,731,93541,2011
Liverpool,29288,25364,24418,17685,16342,13967,9742,5307,2423,466415,2011
Luton,11225,9267,8346,6542,6102,5032,3408,1877,920,203201,2011
Maidstone,10300,9246,10201,7997,6272,4993,3738,2285,1229,155143,2011
Maldon,4611,4339,5101,4027,2949,2317,1562,916,603,61629,2011
Malvern Hills,5428,5144,6157,5095,4179,3369,2627,1781,930,74631,2011
Manchester,23927,19633,18236,13191,11576,9378,7026,4226,2147,503127,2011
Mansfield,7325,6438,6513,5450,4203,3462,2601,1527,703,104466,2011
Medway,17205,14632,15454,11597,9055,6997,4949,2915,1492,263925,2011
Melton,3648,3357,3662,2826,2149,1731,1288,863,400,50376,2011
Mendip,7763,7227,7956,6210,4839,4001,3063,2089,1076,109279,2011
Merthyr Tydfil,4068,3510,3780,2895,2436,1931,1350,775,409,58802,2011
Merton,11294,9349,8777,6374,5506,4524,3441,2105,1172,199693,2011
Mid Devon,5436,5143,5831,4797,3715,2880,2283,1430,760,77750,2011
Mid Suffolk,6894,6436,7546,6036,4601,3639,2641,1675,879,96731,2011
Mid Sussex,9536,8617,9288,7356,5448,4726,3879,2425,1473,139860,2011
Middlesbrough,9233,7933,7531,5680,5153,4278,3115,1658,807,138412,2011
Milton Keynes,16011,14099,13169,8872,6595,4884,3610,2371,1179,248821,2011
Mole Valley,6191,5452,5930,4957,3915,3457,2660,1704,981,85375,2011
Monmouthshire,6539,6281,6897,5630,4440,3718,2678,1683,894,91323,2011
Neath Port Talbot,9758,9261,9483,7641,6221,4901,3836,2295,1157,139812,2011
New Forest,12097,11748,13889,11741,9685,8428,6956,4681,2651,176462,2011
Newark and Sherwood,8143,7351,8214,6722,5251,4069,3014,1804,925,114817,2011
Newcastle upon Tyne,16629,14367,14133,10289,9091,7857,6000,3578,1904,280177,2011
Newcastle-under-Lyme,8209,7615,8434,6620,5410,4431,3202,1945,900,123871,2011
Newham,14731,10807,8533,5992,5469,4055,2741,1567,769,307984,2011
Newport,9356,7803,8507,6769,5775,4677,3382,2115,1033,145736,2011
North Devon,6429,6051,7239,6155,4782,3867,2989,1911,1104,93667,2011
North Dorset,4627,4379,5146,4238,3471,2745,2195,1389,761,68583,2011
North East Derbyshire,7230,6712,7655,6567,5112,3893,2814,1674,858,99023,2011
North East Lincolnshire,10683,9621,10236,7815,6918,5712,4101,2469,1272,159616,2011
North Hertfordshire,8530,7234,7758,5950,4883,4381,3120,2215,1162,127114,2011
North Kesteven,7343,6540,7891,6849,5559,4213,3090,1858,923,107766,2011
North Lincolnshire,11649,10922,11452,9017,7246,5771,4241,2542,1222,167446,2011
North Norfolk,6867,7221,9239,8211,6609,5794,4411,2682,1490,101499,2011
North Somerset,13428,12725,14654,12468,9603,7921,6122,4175,2344,202566,2011
North Tyneside,14180,12773,13059,9704,8392,7124,5363,3155,1557,200801,2011
North Warwickshire,4496,4177,4496,3718,2788,2064,1490,913,412,62014,2011
North West Leicestershire,6358,5940,6599,5201,3796,2934,2209,1418,674,93468,2011
Northampton,12662,11083,11605,8344,6497,5278,4057,2653,1386,212069,2011
Northumberland,24121,22172,24533,19062,15304,12249,8769,5233,2687,316028,2011
Norwich,6878,6430,6517,5043,4199,3684,3128,2134,1157,132512,2011
Nottingham,15772,13404,12626,9313,8207,7181,5696,3529,1626,305680,2011
Nuneaton and Bedworth,8179,7586,8028,6707,5061,3918,2843,1611,782,125252,2011
Oadby and Wigston,3746,3218,3432,2803,2522,2293,1734,1019,516,56170,2011
Oldham,14128,12228,12875,10027,8253,6068,4397,2760,1448,224897,2011
Oxford,7027,6148,5924,4583,3769,3066,2525,1742,955,151906,2011
Pembrokeshire,8197,8188,9525,7910,6470,5174,3673,2289,1177,122439,2011
Pendle,5747,5283,5976,4307,3355,2670,2116,1292,610,89452,2011
Peterborough,11014,9642,9382,6909,5792,5026,3803,2258,1090,183631,2011
Plymouth,16367,13955,15140,12156,9843,8120,5978,3639,1979,256384,2011
Poole,9486,8771,9828,8011,6552,5808,4868,3167,1752,147645,2011
Portsmouth,11926,9312,9820,7655,6206,5210,4000,2792,1549,205056,2011
Powys,9221,9378,10864,9087,7145,5715,4211,2685,1403,132976,2011
Preston,8396,7168,7084,5303,4606,3925,2863,1748,801,140202,2011
Purbeck,3197,2983,3723,3231,2417,2146,1621,1038,494,44973,2011
Reading,8269,6851,6373,4902,4156,3396,2736,1704,938,155698,2011
Redbridge,16456,13945,12578,9165,7652,6449,5104,3225,1790,278970,2011
Redcar and Cleveland,9429,8458,9511,7776,6642,5017,3704,2133,980,135177,2011
Redditch,5470,5618,5616,4052,2699,2046,1603,986,498,84214,2011
Reigate and Banstead,9110,7833,8466,6263,4918,4282,3419,2427,1424,137835,2011
Rhondda Cynon Taff,15244,13854,15453,12186,9818,7706,5304,3383,1676,234410,2011
Ribble Valley,4223,3758,4251,3497,2767,2216,1572,965,514,57132,2011
Richmond upon Thames,11805,10067,10142,7406,5617,4525,3709,2503,1536,186990,2011
Richmondshire,3329,3064,3543,2797,2233,1730,1212,717,387,51965,2011
Rochdale,13710,12366,12454,9161,7481,5911,4456,2632,1175,211699,2011
Rochford,5736,5308,6106,4852,3981,3332,2393,1435,686,83287,2011
Rossendale,4733,4359,4721,3364,2441,1932,1453,914,437,67982,2011
Rother,6014,6017,7962,6696,5569,4839,4035,2836,1788,90588,2011
Rotherham,17934,15663,16664,13686,11097,8537,6023,3684,1815,257280,2011
Rugby,6602,5634,6062,5401,4003,3064,2492,1545,829,100075,2011
Runnymede,5277,4412,4617,3664,2944,2757,2046,1350,707,80510,2011
Rushcliffe,7785,7035,7411,6006,4621,3949,3017,1931,899,111129,2011
Rushmoor,5665,4572,4611,3476,2766,2043,1583,1015,561,93807,2011
Rutland,2517,2362,2715,2331,1887,1436,1094,719,382,37369,2011
Ryedale,3741,3742,4351,3604,2829,2338,1743,1000,538,51751,2011
Salford,14035,11563,12358,9498,8045,6410,4734,3012,1507,233933,2011
Sandwell,17991,15495,15230,13139,11381,9186,6950,4096,2089,308063,2011
Scarborough,7683,7500,8720,7212,6099,4821,3713,2259,1216,108793,2011
Sedgemoor,8051,7585,8482,6932,5514,4366,3387,2174,1092,114588,2011
Sefton,20290,17790,18420,15058,13715,11879,8833,4931,2595,273790,2011
Selby,6289,5419,6001,4463,3239,2655,1899,1147,603,83449,2011
Sevenoaks,8030,7202,8188,6318,4966,4194,3252,1908,1029,114893,2011
Sheffield,32216,27578,28687,24114,20574,16800,12437,7600,4173,552698,2011
Shropshire,21004,20160,22300,19059,15153,11709,8971,5571,2836,306129,2011
Slough,7631,6391,5160,3536,3101,2626,1879,1103,579,140205,2011
Solihull,14258,12226,13830,11530,8933,7529,6103,3621,1880,206674,2011
South Bucks,5002,4233,4283,3437,3115,2477,2001,1234,687,66867,2011
South Cambridgeshire,10168,8945,9756,7515,5624,4576,3590,2244,1153,148755,2011
South Derbyshire,6242,5884,6231,4738,3429,2710,2016,1153,581,94611,2011
South Gloucestershire,17270,15002,15748,13465,10575,8749,6086,3648,1886,262767,2011
South Hams,6346,6231,7479,6034,4469,3688,2774,1828,961,83140,2011
South Holland,5843,5548,6579,5462,4767,3933,2920,1695,886,88270,2011
South Kesteven,9616,8654,9664,7889,5905,4640,3583,2379,1164,133788,2011
South Lakeland,7604,7227,8790,7387,5788,4639,3778,2295,1234,103658,2011
South Norfolk,8529,8033,9573,7939,6204,5046,3842,2381,1111,124012,2011
South Northamptonshire,6420,5598,6340,4754,3342,2588,1909,1190,616,85189,2011
South Oxfordshire,9353,8083,8722,7255,5785,4591,3374,2195,1180,134257,2011
South Ribble,7284,6727,7510,5896,4811,3607,2744,1629,725,109057,2011
South Somerset,10808,10495,12252,10083,7907,6490,5260,3308,1777,161243,2011
South Staffordshire,8069,7316,8169,7051,5666,4251,2907,1763,867,108131,2011
South Tyneside,11143,9531,9637,7096,6538,5492,4140,2503,1084,148127,2011
Southampton,12716,10839,10946,8647,6796,5902,4759,3084,1588,236882,2011
Southend-on-Sea,10887,9667,10419,8468,6716,5779,4769,3223,1843,173658,2011
Southwark,16070,11084,9072,6547,5432,4271,3195,1949,935,288283,2011
Spelthorne,6471,5419,5611,4537,3970,3332,2509,1547,785,95598,2011
St Albans,9223,7916,7910,6031,5018,4214,3319,2092,1102,140664,2011
St Edmundsbury,6827,6427,7507,6282,4993,3841,2958,1832,1084,111008,2011
St. Helens,11727,10881,12255,9596,8016,6129,4165,2402,1092,175308,2011
Stafford,8900,8268,9167,7825,6120,4595,3443,2100,1191,130869,2011
Staffordshire Moorlands,6824,6678,7839,6381,4979,3866,2685,1618,852,97106,2011
Stevenage,5763,4500,4154,3241,2753,2464,1867,1035,512,83957,2011
Stockport,19670,17176,18263,14277,12238,10122,7640,4441,2309,283275,2011
Stockton-on-Tees,13399,11609,11648,8745,7357,6089,4279,2429,1052,191610,2011
Stoke-on-Trent,15534,14009,14721,11616,9368,7480,5639,3296,1419,249008,2011
Stratford-on-Avon,8718,8187,9341,8117,6149,4931,3761,2317,1305,120485,2011
Stroud,8303,7671,8292,6574,5107,4122,3110,2015,1049,112779,2011
Suffolk Coastal,8849,8294,9918,8098,6556,5578,4341,2702,1530,124298,2011
Sunderland,20020,17577,18011,13198,11833,9759,6841,3576,1586,275506,2011
Surrey Heath,6146,5191,5287,4267,3401,2954,1955,1182,646,86144,2011
Sutton,12274,10045,10366,7563,6222,5345,4103,2637,1363,190146,2011
Swale,8979,7986,9224,7180,5511,4168,3105,1744,915,135835,2011
Swansea,15156,13856,14976,12048,10108,8636,6265,3815,1940,239023,2011
Swindon,13822,11634,10990,8453,6707,5633,4266,2616,1179,209156,2011
Tameside,14721,12613,13867,10526,8518,6456,4521,2822,1358,219324,2011
Tamworth,5048,4850,4987,3733,2777,2032,1428,808,366,76813,2011
Tandridge,5900,5209,5612,4499,3391,2807,2367,1417,874,82998,2011
Taunton Deane,7442,6915,7504,6048,4776,4152,3495,2261,1280,110187,2011
Teignbridge,8671,8609,9980,8397,6352,5357,4302,2997,1611,124220,2011
Telford and Wrekin,10502,9866,10010,7934,5994,4439,3042,1771,909,166641,2011
Tendring,8825,8725,11348,10221,8607,7185,5612,3653,1995,138048,2011
Test Valley,8392,7316,8323,6640,4995,4013,2912,1826,1011,116398,2011
Tewkesbury,5754,5251,5717,4835,4001,3083,2322,1516,752,81943,2011
Thanet,8461,8080,9581,7908,6401,5238,4333,2866,1667,134186,2011
Three Rivers,6000,5137,5314,4001,3326,3007,2160,1425,787,87317,2011
Thurrock,9453,8387,8739,5996,4742,3784,2873,1844,782,157705,2011
Tonbridge and Malling,8330,6900,7593,6088,4953,4033,2917,1580,856,120805,2011
Torbay,8809,8418,10169,8594,6970,5804,4415,3190,1881,130959,2011
Torfaen,6189,5639,6040,4837,3807,3221,2347,1419,739,91075,2011
Torridge,4508,4579,5559,4687,3480,2819,2032,1306,654,63839,2011
Tower Hamlets,9736,7823,5863,4140,4029,3204,2407,1256,534,254096,2011
Trafford,15281,12722,12814,9759,8566,7240,5659,3371,1678,226578,2011
Tunbridge Wells,7652,6401,7029,5487,4157,3545,2948,1836,1102,115049,2011
Uttlesford,5981,4961,5330,4196,3066,2485,1921,1193,714,79443,2011
Vale of Glamorgan,8883,8211,8487,6824,5543,4260,3275,2134,1019,126336,2011
Vale of White Horse,8418,7440,7980,6317,5054,4205,3133,1979,1073,120988,2011
Wakefield,22633,20053,21221,16902,13440,10611,7527,4504,2158,325837,2011
Walsall,16464,14672,15221,13227,11439,9194,6558,3706,1691,269323,2011
Waltham Forest,14321,11301,9783,7231,6182,4967,3662,2267,1257,258249,2011
Wandsworth,14088,11351,10658,7710,6745,5126,3637,2355,1338,306995,2011
Warrington,13569,11828,12441,9980,8218,6007,4287,2498,1224,202228,2011
Warwick,8571,7707,8190,6711,5171,4280,3445,2277,1166,137648,2011
Watford,5361,4385,3996,3143,2600,2153,1676,1013,566,90301,2011
Waveney,7322,7100,8930,7714,6287,5319,4114,2585,1474,115254,2011
Waverley,8300,7255,8036,6710,5251,4585,3405,2368,1503,121572,2011
Wealden,10606,9846,11615,9944,7634,6450,5020,3180,1914,148915,2011
Wellingborough,4855,4577,5085,3921,2882,2250,1701,1069,511,75356,2011
Welwyn Hatfield,6871,5672,5500,4310,3774,3545,2786,1655,869,110535,2011
West Berkshire,10965,9506,9753,7406,5543,4337,3253,2065,1022,153822,2011
West Devon,3932,3815,4487,3835,2844,2238,1704,1119,650,53553,2011
West Dorset,6898,6951,8343,7328,5773,5069,3958,2620,1530,99264,2011
West Lancashire,7731,6943,7886,6470,5294,4020,2734,1558,799,110685,2011
West Lindsey,6576,6218,7068,5963,4444,3524,2537,1401,760,89250,2011
West Oxfordshire,7184,6223,6947,5685,4428,3619,2790,1756,984,104779,2011
West Somerset,2413,2554,3113,2852,2302,1901,1473,1021,531,34675,2011
Westminster,11582,9998,9205,7190,6017,4786,3421,2042,1058,219396,2011
Weymouth and Portland,4589,4295,4916,4056,3124,2541,1990,1242,662,65167,2011
Wigan,20778,18312,21199,17181,13138,9541,6389,3682,1718,317849,2011
Wiltshire,32734,28863,31246,25135,19935,16189,12267,7725,4237,470981,2011
Winchester,7985,6934,7672,6193,4971,4046,3286,2069,1214,116595,2011
Windsor and Maidenhead,9379,8161,8692,6943,5481,4617,3547,2243,1246,144560,2011
Wirral,22395,20263,21740,17035,14284,12018,9295,5481,2853,319783,2011
Woking,6494,5443,5455,4090,3290,2883,2254,1527,799,99198,2011
Wokingham,11173,9163,9426,7337,5715,4637,3154,1896,1050,154380,2011
Wolverhampton,14949,13255,12981,10853,9712,8146,6322,3768,1828,249470,2011
Worcester,6029,5444,5560,4248,3452,2901,2016,1305,687,98768,2011
Worthing,6775,5852,6576,5344,4597,3986,3569,2504,1574,104640,2011
Wrexham,8640,8285,8858,7126,5390,4256,3202,1858,1019,134844,2011
Wychavon,8323,8088,9094,7491,5966,4603,3529,2244,1182,116944,2011
Wycombe,10900,9930,9954,8192,6405,5358,3796,2245,1200,171644,2011
Wyre,7505,6956,8162,7347,6474,5207,4021,2429,1147,107749,2011
Wyre Forest,6161,6345,7804,6692,4912,3718,2634,1673,834,97975,2011
York,12017,10649,11716,9122,7807,6589,5040,3200,1657,198051,2011
Adur,4659,4527,3960,3594,4023,3121,2297,1370,834,64547,2021
Amber Valley,9928,9849,8440,7492,8161,5880,3664,2118,1161,126205,2021
Arun,11441,11948,11002,10684,12599,9704,6833,4263,2802,164896,2021
Ashfield,9469,9250,7666,6617,6703,5300,3424,1836,1004,126305,2021
Ashford,9954,9291,7449,6654,7238,5401,3508,2061,1138,132752,2021
Babergh,6926,7187,6346,5950,6835,5142,3436,1966,1207,92332,2021
Barking and Dagenham,13835,11326,8586,5942,4778,3237,2582,1550,938,218863,2021
Barnet,25645,22874,19137,15447,14358,10462,7341,5120,3372,389340,2021
Barnsley,18720,17962,15603,13399,13063,9540,6225,3600,1771,244576,2021
Basildon,13034,12290,10456,8365,8783,6154,4348,2822,1425,187576,2021
Basingstoke and Deane,13697,12958,10378,8516,8941,6385,4308,2480,1380,185148,2021
Bassetlaw,8924,9225,7853,6814,7266,5374,3504,2009,1114,117804,2021
Bath and North East Somerset,12708,12754,10809,9421,9843,7385,5339,3404,2128,193406,2021
Bedford,13033,12036,9971,8379,8339,5867,4168,2667,1605,185228,2021
Bexley,17265,16608,13575,10655,10539,7755,6010,3773,2160,246473,2021
Birmingham,69954,62684,52641,42584,37346,28071,20958,13609,7918,1144916,2021
Blaby,7356,7139,6337,5379,5770,4242,2973,1818,896,102933,2021
Blackburn with Darwen,10303,9360,8006,6680,6203,4086,2847,1677,907,154735,2021
Blackpool,10539,10993,9418,7674,7867,5821,4140,2377,1312,141033,2021
Blaenau Gwent,5079,5165,4362,3699,3825,2768,1799,964,468,66900,2021
Bolsover,6396,6053,5274,4392,4445,3476,2082,1180,638,80277,2021
Bolton,20123,19211,16210,13871,14190,10084,6783,3742,2051,295961,2021
Boston,4846,4909,4333,3819,3818,2877,1959,1214,719,70503,2021
"Bournemouth, Christchurch and Poole",26856,26526,23406,20818,22596,17095,12204,8258,5454,400192,2021
Bracknell Forest,9048,8361,6945,5526,5027,3536,2412,1528,841,124600,2021
Bradford,34274,32185,28775,24124,22372,14403,11191,7070,3841,546409,2021
Braintree,11860,11073,9348,8385,9016,6350,4146,2412,1439,155267,2021
Breckland,10069,10529,9297,8781,9701,7252,4891,2998,1678,141478,2021
Brent,22782,19882,16388,12298,9610,6988,5478,3356,1827,339818,2021
Brentwood,5566,5631,4511,3792,3973,2932,2236,1577,1024,77045,2021
Bridgend,10678,10704,9162,8071,8172,6084,4209,2357,1202,145486,2021
Brighton and Hove,20891,18385,13631,10916,10272,7113,5131,3368,2178,277107,2021
"Bristol, City of",26354,25043,20538,16891,15977,11315,8166,5216,3192,472462,2021
Broadland,9887,9959,8786,8162,9241,6866,4968,3055,1778,131722,2021
Bromley,23926,22346,18257,14483,15370,11233,8140,5619,3395,329989,2021
Bromsgrove,7513,7374,6298,5715,5773,4646,3232,2110,1264,99186,2021
Broxbourne,7145,6759,5459,4312,4503,3397,2549,1608,870,99005,2021
Broxtowe,7853,7877,6830,6042,6735,4899,3359,2051,1138,110944,2021
Buckinghamshire,40665,39261,32662,26839,27061,20389,14691,9343,5390,553081,2021
Burnley,6329,6341,5589,4732,4819,3321,2148,1179,701,94649,2021
Bury,13444,13462,11289,9429,9969,7012,4814,2782,1441,193851,2021
Caerphilly,12649,12716,10991,9852,10029,7058,4651,2601,1220,175956,2021
Calderdale,15757,15082,12930,10870,11088,7658,5030,2958,1703,206627,2021
Cambridge,7794,6923,5335,4558,4143,3116,2370,1446,982,145676,2021
Camden,13269,11746,9142,7123,6540,4829,3270,1870,1193,210134,2021
Cannock Chase,7796,7485,6095,5324,5340,3995,2671,1424,803,100529,2021
Canterbury,9878,10217,9127,8534,9382,6907,4732,2828,1871,157431,2021
Cardiff,21061,20605,18030,14806,14068,9589,6917,4415,2702,362301,2021
Carmarthenshire,13181,14321,13403,12415,12190,9232,6014,3605,2010,187895,2021
Castle Point,6434,6413,5683,5264,6436,4831,3231,1880,959,89591,2021
Central Bedfordshire,21071,20963,17516,14413,14691,10579,6961,4143,2161,294251,2021
Ceredigion,4752,5364,5140,4930,5012,3717,2378,1480,868,71468,2021
Charnwood,12271,11736,10533,9324,9341,6935,4548,2892,1595,183978,2021
Chelmsford,12896,12068,10170,8782,9655,7003,4885,3081,1751,181527,2021
Cheltenham,7896,8030,6641,5626,5826,4427,3337,2256,1411,118833,2021
Cherwell,11504,11194,9092,7533,7552,5378,3819,2368,1383,161013,2021
Cheshire East,30278,30468,25647,22335,24352,18033,12443,7580,4482,398771,2021
Cheshire West and Chester,26045,26572,22707,19824,20556,14978,10661,6185,3542,357150,2021
Chesterfield,7699,7929,6912,6046,6030,4481,2992,1806,1027,103569,2021
Chichester,8488,9354,8827,7982,8776,6930,4853,3146,1945,124068,2021
Chorley,8988,8657,7294,6396,7000,4954,3188,1693,887,117731,2021
City of London,640,518,459,391,320,208,164,81,40,8579,2021
Colchester,13030,11994,10022,8590,9704,6932,4567,2842,1675,192716,2021
Conwy,8243,9015,8523,7872,8494,6206,4306,2806,1689,114741,2021
Cornwall,40713,43104,40481,37388,40401,29440,18770,11424,6716,570304,2021
Cotswold,6872,7413,6489,6008,6315,4827,3257,2080,1178,90834,2021
County Durham,37933,39456,35125,31041,30716,21730,15059,8549,4242,522062,2021
Coventry,21444,19610,16318,13385,12665,9973,7217,4430,2646,345328,2021
Crawley,7729,7139,6058,4633,4205,2659,1926,1383,948,118495,2021
Croydon,27113,25774,20331,15252,13770,9738,7206,4551,2555,390718,2021
Cumberland,20467,21517,19813,17076,17607,12038,8639,5189,2666,273244,2021
Dacorum,10847,10735,9076,7269,7023,5022,3638,2482,1529,155082,2021
Darlington,7770,7855,7004,5959,5980,4150,3119,1841,996,107807,2021
Dartford,7655,7063,5565,4350,4252,2971,2252,1427,788,116756,2021
Denbighshire,6878,7310,6653,6065,6622,4803,3258,1889,1109,95816,2021
Derby,17239,16150,13336,11313,11122,8123,6137,3917,2171,261354,2021
Derbyshire Dales,5881,6338,5644,5106,5535,4105,2705,1638,928,71536,2021
Doncaster,21805,22003,19576,16540,16319,11512,8028,4999,2453,308108,2021
Dorset,26915,29764,28801,27019,30417,22890,15737,9918,6294,379578,2021
Dover,8123,8829,8121,7382,7673,5673,3733,2190,1248,116407,2021
Dudley,23470,22234,18638,16820,17002,13813,9656,5831,2938,323495,2021
Ealing,24748,21933,17645,13586,11396,7967,5998,3575,1944,367122,2021
East Cambridgeshire,6457,6160,5340,4712,4985,3569,2508,1554,890,87762,2021
East Devon,10515,10940,10579,10343,11906,9363,6566,4215,2833,150821,2021
East Hampshire,9630,9860,8722,7301,7731,5870,4112,2577,1469,125741,2021
East Hertfordshire,11392,10990,8944,7136,7471,5220,3724,2506,1336,150160,2021
East Lindsey,10231,11709,11501,11114,12241,9202,5786,3215,1774,142292,2021
East Riding of Yorkshire,25589,27138,24920,23083,25349,17942,12658,7380,4084,342217,2021
East Staffordshire,9002,8685,7555,6182,6212,4689,3126,1848,1027,124019,2021
East Suffolk,17645,18670,17643,16580,18673,13984,9345,5962,3765,246055,2021
Eastbourne,6900,7113,6357,5789,6529,4875,3680,2392,1651,101685,2021
Eastleigh,9533,9342,8109,6949,7074,5148,3769,2274,1419,136446,2021
Elmbridge,10611,9743,7651,6258,6294,4722,3479,2429,1638,138757,2021
Enfield,22648,21110,17061,12789,11159,8153,6490,4046,2378,329986,2021
Epping Forest,9963,9845,8101,6736,6991,5173,3602,2305,1462,134981,2021
Epsom and Ewell,5842,5466,4410,3605,3944,2895,2049,1334,786,80939,2021
Erewash,8757,8531,7033,6066,6423,4833,3203,1966,993,112902,2021
Exeter,7778,7372,6359,5495,5683,4199,3130,1966,1254,130712,2021
Fareham,8413,8938,7920,6625,7437,5769,4051,2708,1509,114503,2021
Fenland,7423,7525,6608,6165,6314,4719,3172,1914,1115,102457,2021
Flintshire,11830,11656,9997,8648,9638,6634,4553,2397,1359,154965,2021
Folkestone and Hythe,8013,8375,7552,6920,7771,5564,3699,2153,1320,109754,2021
Forest of Dean,6555,6951,6245,5786,6034,4450,2940,1645,956,87006,2021
Fylde,6027,6663,6326,5577,5995,4670,3202,1997,1205,81380,2021
Gateshead,13936,14244,12552,10618,10743,7357,5846,3474,1734,196144,2021
Gedling,8706,8614,7360,6596,6935,4928,3544,2167,1115,117258,2021
Gloucester,9196,9007,7586,5942,5720,4463,3009,1882,1100,132409,2021
Gosport,5834,6031,5428,4515,4846,3456,2343,1502,852,81955,2021
Gravesham,7460,7136,5742,4832,4877,3587,2628,1663,827,106899,2021
Great Yarmouth,7128,7349,6629,6160,6613,5016,3185,1873,1090,99743,2021
Greenwich,19026,16125,12529,9325,7975,5628,3775,2257,1265,289067,2021
Guildford,9725,9662,7779,6432,6596,4822,3490,2330,1485,143646,2021
Gwynedd,8076,8533,8046,7095,7301,5426,3646,2313,1492,117397,2021
Hackney,14570,13346,10106,7015,5458,3417,2381,1447,783,259148,2021
Halton,9082,9145,8184,7254,7104,4291,2866,1673,772,128475,2021
Hammersmith and Fulham,11896,10240,7357,5731,4986,3539,2540,1413,776,183161,2021
Harborough,7690,7523,6357,5543,5886,4362,2974,1763,970,97631,2021
Haringey,18521,16097,11898,8818,7148,4883,3640,2156,1061,264234,2021
Harlow,6030,5845,4975,4026,3407,2439,1800,1230,713,93334,2021
Harrow,16344,15355,13850,11515,9895,7362,5729,3563,2117,261203,2021
Hart,7451,7223,5771,4712,5197,4113,2887,1700,966,99409,2021
Hartlepool,6578,7130,6295,5247,5084,3222,2463,1490,726,92334,2021
Hastings,6979,6886,5847,5194,5139,3492,2314,1403,876,91006,2021
Havant,8831,9357,8667,7479,7916,6070,4340,2841,1574,124207,2021
Havering,17371,16958,14752,11868,12125,8726,6416,4413,2558,262057,2021
"Herefordshire, County of",13619,14580,13623,12484,13014,9735,6696,4150,2398,187039,2021
Hertsmere,7563,7460,5998,4869,4972,3671,2656,1828,1140,107822,2021
High Peak,7364,7576,6655,5516,5580,3995,2544,1437,764,90930,2021
Hillingdon,19897,18127,14881,11661,10449,7388,5768,3788,2121,305916,2021
Hinckley and Bosworth,8538,8260,7291,6616,7161,5185,3392,1922,1132,113640,2021
Horsham,10992,11254,9688,8342,8887,6694,4656,2966,1900,146776,2021
Hounslow,18942,16370,13321,10565,8904,6131,4356,2617,1375,288181,2021
Huntingdonshire,13251,13130,11234,9572,10244,7516,4947,2710,1551,180832,2021
Hyndburn,5919,5509,4774,4055,4232,3025,1978,1138,578,82236,2021
Ipswich,9236,8606,7382,6273,5990,4261,3152,2066,1268,139644,2021
Isle of Anglesey,4947,5209,5046,4757,5037,3716,2521,1333,843,68875,2021
Isle of Wight,10263,11114,10536,10451,11233,8663,5356,3326,1991,140460,2021
Isles of Scilly,155,171,124,123,154,128,96,40,39,2058,2021
Islington,12897,11828,8815,6432,5395,3594,2554,1522,824,216587,2021
Kensington and Chelsea,11082,10440,7829,5854,5470,4022,2793,1468,992,143376,2021
King's Lynn and West Norfolk,10676,11441,10523,9786,10807,8235,5662,3512,1934,154318,2021
"Kingston upon Hull, City of",17253,17217,14926,12220,11382,7097,5234,3198,1696,267010,2021
Kingston upon Thames,11635,10188,8222,6726,6601,4550,3177,1939,1331,168064,2021
Kirklees,30860,28624,24528,21033,21428,14857,10289,5879,3329,433222,2021
Knowsley,10727,11738,10509,8213,6899,4415,3509,2206,1001,154523,2021
Lambeth,20468,18187,13171,8978,6859,4638,3626,1999,1165,317662,2021
Lancaster,9503,9785,8803,7722,7956,5742,4019,2480,1429,142932,2021
Leeds,50807,48187,40699,33690,34308,23961,17599,11041,6165,811950,2021
Leicester,21893,19473,17271,13975,11288,7324,5518,3357,2040,368569,2021
Lewes,7410,7488,6752,6400,6995,5269,3743,2457,1604,99912,2021
Lewisham,19988,18587,13504,9005,7087,5045,3919,2318,1275,300554,2021
Lichfield,8093,7922,6714,6161,6953,5824,3658,1926,1007,106439,2021
Lincoln,5968,6019,5021,4120,4001,2808,2030,1293,754,103813,2021
Liverpool,29155,30659,27543,22421,19996,13260,9990,5754,2905,486093,2021
Luton,13828,12379,9958,7773,6383,4770,3836,2364,1237,225259,2021
Maidstone,12578,11876,9919,8537,9299,6662,4626,2849,1550,175778,2021
Maldon,5298,5221,4801,4181,4684,3418,2245,1318,704,66208,2021
Malvern Hills,5977,6523,5998,5439,5977,4500,3184,2005,1138,79483,2021
Manchester,30370,26693,21642,16482,13817,9206,6689,3863,2111,551943,2021
Mansfield,7949,8157,7028,5907,5715,4321,2783,1663,913,110486,2021
Medway,19146,18774,15665,12928,13007,8933,6025,3387,1773,279771,2021
Melton,4165,4308,3622,3249,3424,2451,1542,973,516,51751,2021
Merthyr Tydfil,4123,4258,3781,3146,3156,2170,1433,795,412,58847,2021
Merton,14482,12584,10251,7879,7104,4760,3741,2202,1385,215188,2021
Mid Devon,6189,6354,5654,5183,5416,4019,2643,1638,990,82848,2021
Mid Suffolk,7627,8045,7282,6739,7295,5228,3459,2067,1192,102702,2021
Mid Sussex,11377,10699,8877,7874,8231,6419,4270,2866,1833,152570,2021
Middlesbrough,8736,9369,8720,7208,6462,4300,3236,1959,1013,143922,2021
Milton Keynes,19300,17087,14489,12226,11176,7247,4648,2636,1651,287057,2021
Mole Valley,6837,6905,5923,5128,5204,4159,3016,2056,1199,87386,2021
Monmouthshire,7262,7817,6662,6193,6404,4890,3290,2046,1219,92961,2021
Neath Port Talbot,9779,10331,9518,8364,8249,5867,3980,2350,1324,142290,2021
New Forest,12644,14020,12797,12163,13533,10382,7451,4905,3207,175778,2021
Newark and Sherwood,9192,9270,8198,7228,7688,5655,3736,2137,1227,122954,2021
Newcastle upon Tyne,16762,17360,15496,12675,11788,7863,5973,3972,2247,300131,2021
Newcastle-under-Lyme,8847,8755,7914,6844,7279,5320,3772,2340,1188,123306,2021
Newham,20460,16301,12770,9104,6294,4000,3183,1687,899,351039,2021
Newport,10776,10675,8978,7276,7254,5350,3754,2199,1230,159594,2021
North Devon,7110,7638,7119,6296,6925,5297,3441,2187,1308,98608,2021
North East Derbyshire,7740,7825,7131,6438,6878,5468,3557,1979,1009,102000,2021
North East Lincolnshire,11079,11803,10218,8748,8857,6222,4660,2891,1457,156966,2021
North Hertfordshire,9470,9425,7762,6544,6748,5011,3664,2455,1412,133211,2021
North Kesteven,8984,9051,7608,6666,7627,5827,4087,2236,1167,118075,2021
North Lincolnshire,12515,12989,11412,10022,10226,7296,5006,3105,1618,169674,2021
North Norfolk,7066,8119,8559,8342,9452,7019,4762,3127,1798,102988,2021
North Northamptonshire,26461,24910,20473,18016,18393,13071,8256,4848,2777,359525,2021
North Somerset,15490,15773,13501,12528,13947,10752,7291,4599,2753,216727,2021
North Tyneside,14637,15220,13592,12150,11820,7837,5643,3496,1944,208952,2021
North Warwickshire,5101,5064,4417,3740,3959,2948,1913,1125,588,65035,2021
North West Leicestershire,8074,7626,6442,5648,6068,4355,2656,1482,794,104706,2021
North Yorkshire,46571,49664,45151,39965,42223,30428,21192,12875,7144,615487,2021
Northumberland,23214,25775,24758,22584,22975,15812,10593,6248,3337,320565,2021
Norwich,8252,7772,6420,5829,5640,4079,2842,1883,1236,143926,2021
Nottingham,17860,17028,13927,10884,9801,6864,5115,3264,2037,323627,2021
Nuneaton and Bedworth,9553,9210,7895,6868,6965,5304,3486,1969,1012,134204,2021
Oadby and Wigston,3861,3920,3522,2987,3051,2381,1848,1304,732,57753,2021
Oldham,16038,15058,12646,10819,10636,7590,5351,2788,1424,242081,2021
Oxford,8804,8198,6444,5223,4864,3543,2568,1702,1070,162039,2021
Pembrokeshire,8655,9634,9046,8620,8824,6540,4315,2634,1410,123366,2021
Pendle,6272,6145,5544,4803,4950,3302,2164,1283,741,95753,2021
Peterborough,13700,12351,10404,8625,8118,5687,4105,2561,1495,215676,2021
Plymouth,17618,17316,15281,12891,13169,9734,6693,4135,2347,264693,2021
Portsmouth,13347,12803,10520,8343,8206,5883,4136,2683,1537,208002,2021
Powys,9715,10677,10407,9824,10053,7528,5022,2949,1745,133174,2021
Preston,9457,9309,7688,6179,5705,4003,2980,1886,1053,147835,2021
Reading,10742,9493,7433,5844,5304,4007,2931,1805,1090,174235,2021
Redbridge,19420,17007,14502,11275,9634,6643,5159,3276,1944,310260,2021
Redcar and Cleveland,10012,10655,9564,8497,8675,6341,4479,2447,1310,136536,2021
Redditch,5802,5556,5054,4807,4681,3161,1886,994,625,87034,2021
Reigate and Banstead,10573,10363,8452,6812,7062,5105,3572,2508,1662,150852,2021
Rhondda Cynon Taf,16651,16791,14451,12823,13214,9305,6120,3371,1793,237651,2021
Ribble Valley,4980,5133,4588,3760,4047,3037,2080,1271,657,61558,2021
Richmond upon Thames,15406,13655,10248,8354,8730,6158,4064,2461,1680,195278,2021
Rochdale,15110,14382,12494,10856,10331,6983,4591,2660,1446,223775,2021
Rochford,6558,6344,5467,4750,5544,4112,2837,1838,921,85667,2021
Rossendale,5551,5272,4454,3893,3991,2621,1633,974,549,70876,2021
Rother,6516,7348,7008,6866,8321,6247,4256,2754,1747,93111,2021
Rotherham,19465,18603,16409,14030,14211,10626,7236,4134,1990,265806,2021
Rugby,8067,7682,6216,5102,5433,4470,3040,1724,1040,114366,2021
Runnymede,5947,5817,4723,3774,3808,2979,2130,1531,941,88085,2021
Rushcliffe,8685,8585,7294,6449,6868,5179,3509,2317,1419,119078,2021
Rushmoor,6953,6587,5035,4056,4217,3065,2047,1109,636,99758,2021
Rutland,2966,2904,2699,2496,2835,2129,1470,925,531,41050,2021
Salford,15438,15047,12666,9680,9972,6886,5006,2876,1502,269927,2021
Sandwell,23076,20848,17234,13857,12657,9676,7151,4208,2155,341835,2021
Sefton,20110,21679,19815,16889,16496,12436,9591,6103,3251,279231,2021
Sevenoaks,8846,8754,7359,6412,6931,5154,3606,2366,1460,120516,2021
Sheffield,36319,34488,29508,24796,24618,18881,13749,8179,4598,556519,2021
Shropshire,24309,25538,22963,20817,21951,17011,11486,6802,4021,323608,2021
Slough,9604,7944,6636,5118,3822,2492,1979,1258,650,158498,2021
Solihull,15629,15435,12978,10947,12067,9410,6473,4211,2492,216236,2021
Somerset,41532,43232,38553,36136,38592,28555,19188,11762,7665,571550,2021
South Cambridgeshire,11826,11170,9301,8083,8504,6390,4423,2691,1712,162116,2021
South Derbyshire,8405,7757,6332,5677,5582,3993,2437,1472,775,107203,2021
South Gloucestershire,20311,19862,16088,13506,14059,11333,7756,4839,2699,290423,2021
South Hams,6537,7361,7146,6502,6998,5029,3250,2060,1242,88628,2021
South Holland,6931,7161,6177,5615,6229,4547,3231,1957,1115,95119,2021
South Kesteven,10855,10904,9637,8589,9108,6854,4401,2605,1558,143400,2021
South Norfolk,10114,10493,9254,8443,9442,7127,4798,2969,1732,141948,2021
South Oxfordshire,11422,10848,8985,7631,7875,6339,4466,2734,1534,149080,2021
South Ribble,8314,8472,7097,6318,6740,4761,3310,1913,990,111042,2021
South Staffordshire,8414,8824,7894,6847,7344,5983,4088,2333,1149,110474,2021
South Tyneside,10429,11229,10476,8775,8374,5555,4300,2502,1332,147777,2021
Southampton,14008,13773,11686,9615,8993,6640,4426,2810,1761,248912,2021
Southend-on-Sea,12537,12495,10419,8815,9207,6842,4718,3059,1920,180685,2021
Southwark,19558,17569,13146,8399,6669,4351,3274,1881,1112,307641,2021
Spelthorne,7348,7305,5787,4603,4673,3652,2836,1773,1053,102953,2021
St Albans,11247,9980,7937,6437,6558,4872,3668,2465,1498,148173,2021
St. Helens,13433,13290,11486,9968,10530,7550,5208,3002,1379,183245,2021
Stafford,10327,10139,8944,7924,8411,6665,4503,2485,1464,136870,2021
Staffordshire Moorlands,7791,7609,6841,6331,7002,5241,3512,1970,1066,95851,2021
Stevenage,6213,6214,4981,3749,3462,2502,1866,1258,711,89501,2021
Stockport,20562,20458,17701,15297,15653,11482,8581,5297,2965,294776,2021
Stockton-on-Tees,13932,14010,12734,10793,10252,6872,4954,2866,1446,196594,2021
Stoke-on-Trent,16938,16340,14396,12332,11923,8676,6002,3484,1848,258375,2021
Stratford-on-Avon,10302,10645,9348,8254,8969,7248,4793,2945,1707,134727,2021
Stroud,9489,9382,8482,7409,7745,5560,3766,2388,1362,121103,2021
Sunderland,19445,20034,18912,16102,15492,10223,7706,4557,2180,274166,2021
Surrey Heath,7038,6694,5431,4430,4566,3561,2527,1785,947,90460,2021
Sutton,14715,13595,10649,8613,8356,5902,4304,2870,1696,209640,2021
Swale,10590,10703,8942,7645,8331,5838,3837,2105,1156,151678,2021
Swansea,15662,15996,14545,12704,13139,9559,6856,4298,2327,238500,2021
Swindon,16782,16011,13104,10559,9835,6981,4875,3077,1745,233414,2021
Tameside,16604,16298,13758,11250,11556,7972,5330,2944,1457,231063,2021
Tamworth,5787,5156,4648,4327,4243,2991,1835,1018,498,78646,2021
Tandridge,6601,6499,5502,4619,4751,3630,2564,1698,1083,87878,2021
Teignbridge,9770,10827,9849,9318,9872,7500,4791,3064,1892,134805,2021
Telford and Wrekin,13476,12600,10389,9206,9103,6538,4285,2379,1193,185523,2021
Tendring,10105,11105,10762,10319,12079,9228,6239,3787,2217,148287,2021
Test Valley,9734,9642,8164,6863,7580,5688,3799,2419,1322,130488,2021
Tewkesbury,6680,6920,5922,5391,5627,4312,3037,1704,1040,94888,2021
Thanet,9762,9974,8997,8473,9281,6764,4472,2629,1636,140585,2021
Three Rivers,6925,6745,5420,4429,4463,3288,2266,1635,885,93774,2021
Thurrock,11831,10759,8372,6712,6821,4413,3072,1786,1050,175997,2021
Tonbridge and Malling,9859,9407,7672,6346,6827,5129,3643,2188,1172,132196,2021
Torbay,10271,10706,9873,9205,10021,7554,5134,3287,1987,139324,2021
Torfaen,6376,6809,5902,5232,5221,3808,2528,1573,793,92274,2021
Torridge,5070,5510,5448,5053,5445,3954,2450,1524,899,68122,2021
Tower Hamlets,13920,10835,8444,6045,4334,2797,2227,1316,752,310303,2021
Trafford,16465,15921,13054,10827,10664,7919,6048,3797,2042,235063,2021
Tunbridge Wells,8984,8095,6746,5448,5882,4487,3159,2102,1294,115311,2021
Uttlesford,7073,6831,5846,4821,4983,3676,2387,1572,991,91340,2021
Vale of Glamorgan,9180,9484,8682,7798,7830,5741,3921,2365,1335,131935,2021
Vale of White Horse,9602,9582,8224,6964,7268,5466,3843,2454,1470,138910,2021
Wakefield,26331,25001,21550,18401,18526,13240,8870,5081,2492,353375,2021
Walsall,19166,18006,15436,12895,12511,9892,7450,4470,2247,284130,2021
Waltham Forest,18131,15456,12077,8796,7203,5089,3874,2228,1211,278429,2021
Wandsworth,18802,16224,12112,9100,8282,5724,4208,2509,1515,327506,2021
Warrington,16074,15881,12801,10719,10723,8206,5806,3101,1602,210969,2021
Warwick,10023,9705,7973,7060,7248,5737,3976,2477,1528,148452,2021
Watford,6797,5834,4634,3614,3277,2433,1766,1114,683,102244,2021
Waverley,9668,9067,7750,6550,7081,5701,3995,2870,1809,128231,2021
Wealden,12106,12733,11542,10353,11541,8914,5821,3644,2216,160146,2021
Welwyn Hatfield,7714,7598,6329,4891,4692,3511,2728,1852,1131,119839,2021
West Berkshire,12596,11748,9971,8470,8583,6314,4171,2493,1481,161447,2021
West Devon,4274,4901,4472,4150,4464,3343,2182,1342,789,57093,2021
West Lancashire,8490,8931,7646,6655,7050,5269,3662,2016,1068,117427,2021
West Lindsey,7185,7564,6926,6323,6668,5048,3192,1835,917,95152,2021
West Northamptonshire,30242,28893,23528,19761,20499,14344,9286,5559,3228,425726,2021
West Oxfordshire,8362,8499,7225,6204,6485,5034,3416,2240,1366,114233,2021
West Suffolk,12289,12028,10214,9116,10131,7717,5434,3118,1846,179951,2021
Westminster,14381,12427,9580,7310,6335,4742,3277,1945,1173,204240,2021
Westmorland and Furness,17386,18502,16915,14913,16059,11713,8185,4732,2704,226587,2021
Wigan,24984,23248,19734,16905,18340,13482,8463,4344,2066,329329,2021
Wiltshire,37589,37991,33055,28789,29914,22406,15274,9561,5585,510336,2021
Winchester,8995,8956,7668,6479,6932,5362,3775,2418,1614,127448,2021
Windsor and Maidenhead,11709,10794,8828,7198,7319,5547,4025,2597,1635,153495,2021
Wirral,22943,23934,21519,18919,19103,13376,9716,5906,3374,320199,2021
Woking,7142,6733,5475,4487,4452,3233,2353,1645,1038,103940,2021
Wokingham,12600,11923,9794,7811,8052,6090,4269,2790,1536,177499,2021
Wolverhampton,18110,16435,14047,11845,10762,8134,6260,3969,2312,263730,2021
Worcester,7368,7074,5696,4986,4879,3574,2498,1553,799,103866,2021
Worthing,8150,7921,6729,5842,6627,4851,3632,2321,1681,111338,2021
Wrexham,10127,9604,8282,7450,7602,5502,3531,2121,1174,135115,2021
Wychavon,10107,10281,9031,8389,8996,6686,4639,2621,1605,132495,2021
Wyre,8004,8783,8361,7559,8419,6304,4563,2670,1487,111949,2021
Wyre Forest,7687,7536,6375,6291,7205,5615,3511,2020,1026,101609,2021
York,13260,12962,11256,9783,10482,7465,5522,3444,2038,202821,2021